countries,ABW,AFG,AGO,ALB,ARE,ARG,ARM,AUS,AUT,AZE,BDI,BEL,BEN,BFA,BGD,BGR,BHR,BHS,BIH,BLR,BLZ,BOL,BRA,BRB,BRN,BTN,BWA,CAF,CAN,CHE,CHL,CHN,CIV,CMR,COG,COL,COM,CPV,CRI,CUB,CYP,CZE,DEU,DJI,DNK,DOM,DZA,ECU,EGY,ERI,ESH,ESP,EST,ETH,FIN,FJI,FRA,FSM,GAB,GBR,GEO,GHA,GIN,GLP,GMB,GNB,GNQ,GRC,GRD,GTM,GUF,GUY,HKG,HND,HRV,HTI,HUN,IDN,IND,IRL,IRN,IRQ,ISL,ISR,ITA,JAM,JOR,JPN,KAZ,KEN,KGZ,KHM,KOR,KWT,LAO,LBN,LBR,LBY,LCA,LKA,LSO,LTU,LUX,LVA,MAC,MAR,MDA,MDG,MDV,MEX,MKD,MLI,MLT,MMR,MNG,MOZ,MRT,MTQ,MUS,MWI,MYS,NAM,NCL,NER,NGA,NIC,NLD,NOR,NPL,NZL,OMN,PAK,PAN,PER,PHL,PNG,POL,PRI,PRK,PRT,PRY,PYF,QAT,REU,RUS,RWA,SAU,SDN,SEN,SGP,SLB,SLE,SLV,SOM,STP,SUR,SVK,SVN,SWE,SWZ,SYR,TCD,TGO,THA,TJK,TKM,TON,TTO,TUN,TUR,TZA,UGA,UKR,URY,USA,UZB,VCT,VEN,VNM,VUT,WSM,YEM,ZAF,ZMB,ZWE
ABW,0,0,0,0,0,0,0,1,0,0,0,0,0,0,0,0,0,0,0,0,0,0,0,0,0,0,0,0,1,0,1,0,0,0,0,14,0,0,1,0,0,0,0,0,0,0,0,13,0,0,0,42,0,0,0,0,1,0,0,0,0,0,0,0,0,0,0,4,0,0,0,0,0,0,0,0,0,0,0,0,0,0,0,0,3,0,0,0,0,0,0,0,0,0,0,0,0,0,1,0,0,0,0,0,0,0,0,0,0,0,0,0,0,0,0,0,0,0,0,0,0,0,0,0,0,0,87,1,0,0,0,0,1,0,0,0,0,0,0,0,0,0,0,0,0,0,0,0,0,0,0,0,0,0,0,0,0,0,0,0,0,0,0,0,0,0,0,0,0,0,0,0,0,0,0,0,0,101,0,0,0,0,0,0,0
AFG,0,0,0,0,2094,0,0,8885,2175,35,0,1068,0,0,0,136,280,0,0,133,0,1,26,0,0,0,0,0,12270,1247,3,0,0,0,0,36,0,0,1,0,3,326,32852,0,4478,1,2,33,34,0,0,0,3,0,1379,0,1091,0,0,13444,9,0,0,0,0,0,0,62,0,0,0,0,0,0,0,0,316,0,0,44,266595,18,3,810,1782,0,4,0,567,0,12,0,7,104,0,0,0,37,0,0,0,10,0,17,0,0,63,0,0,2,0,0,1,0,0,0,1,0,0,0,145,0,0,0,0,3,8894,4701,0,896,0,0,3,0,210,0,62,0,0,5,0,0,550,0,5731,0,796,0,0,0,0,0,0,0,0,0,63,4,6388,0,566,0,0,0,0,20,0,0,0,4119,0,0,315,0,13781,192,0,5,0,0,0,0,13,0,0
AGO,0,0,0,0,0,0,0,0,0,0,0,0,0,0,0,0,0,0,0,0,0,0,0,0,0,0,0,0,0,0,0,0,0,0,0,0,0,0,0,0,0,0,0,0,0,0,0,0,0,0,0,0,0,0,0,0,0,0,0,0,0,0,0,0,0,0,0,0,0,0,0,0,0,0,0,0,0,0,0,0,0,0,0,0,0,0,0,0,0,0,0,0,0,0,0,0,0,0,0,0,0,0,0,0,0,0,0,0,0,0,0,0,0,0,0,0,0,0,0,0,0,0,0,0,0,0,0,0,0,0,0,0,0,0,0,0,0,0,0,0,0,0,0,0,0,0,0,0,0,0,0,0,0,0,0,0,0,0,0,0,0,0,0,0,0,0,0,0,0,0,0,0,0,0,0,0,0,0,0,0,0,0,0,0,0
ALB,0,0,0,0,0,0,0,12,0,0,0,432,0,0,0,329,0,0,0,0,0,0,0,0,0,0,0,0,38,0,0,0,0,0,0,0,0,0,0,0,13,117,5495,0,41,0,0,10,0,0,0,146,0,0,46,0,196,0,0,4402,0,0,0,0,0,0,0,8912,0,0,0,0,0,0,0,0,21,0,0,0,0,0,4,0,48150,0,0,0,0,0,0,0,0,0,0,0,0,0,0,0,0,4,0,0,0,0,0,0,0,0,0,0,0,0,0,0,0,0,0,0,0,0,0,0,0,0,60,75,0,0,0,0,0,0,0,0,40,0,0,0,0,0,0,0,0,0,0,0,0,0,0,0,0,0,0,0,20,4,240,0,0,0,0,0,0,0,0,0,0,0,0,0,0,0,0,0,0,0,0,0,0,0,0,0,0
ARE,0,0,0,0,0,0,0,7842,209,0,0,0,0,0,0,104,11623,0,0,0,0,3,47,0,0,0,0,0,15701,507,7,0,0,0,0,57,0,0,0,2,190,8,0,0,463,0,896,9,1381,0,0,0,0,0,126,0,35392,0,0,0,0,0,0,0,0,0,0,0,0,0,0,0,0,0,0,0,281,0,12104,370,0,253,3,0,437,0,238,0,0,0,0,0,0,25166,0,0,0,2817,0,0,0,60,0,17,0,0,0,0,0,10,0,0,19,0,0,0,185,0,0,0,0,0,0,0,0,3,789,389,0,1166,6181,0,2,8,431,0,235,0,0,2,0,0,24049,0,564,0,0,0,0,0,0,0,0,0,0,0,125,18,1101,0,0,0,0,0,0,0,0,0,0,49,0,0,0,0,11196,0,0,10,0,0,0,0,209,0,0
ARG,6,0,98,24,55,0,0,3653,995,17,5,1210,0,0,0,466,16,44,0,51,2,13192,2466,2,1,0,31,17,6996,3546,10015,23,0,0,17,2226,0,35,143,4,111,2422,5863,0,805,602,103,7313,78,0,0,136370,16,0,498,0,3448,0,0,3696,0,2,0,1,0,0,269,763,0,176,0,2,7,22,55,254,651,8,0,689,3,2,137,18147,91127,3,8,678,921,0,1,0,32,0,0,2,0,3,1,0,0,108,321,82,0,0,7,8,0,3860,8,0,14,0,2,0,56,0,4,0,0,0,12,0,0,14,1097,998,0,611,0,0,665,36,260,0,1820,0,1,1392,22126,1,14,0,1325,5,3,0,0,18,0,0,30,0,0,16,456,308,1658,0,10,0,0,130,0,1,0,1,12,820,40,31,343,3682,28117,10,0,3837,24,0,0,0,2907,0,0
ARM,0,0,0,1,7,0,0,11,21,41153,0,337,0,0,0,777,1,0,0,77,0,2,5,0,0,0,0,0,53,127,0,3,0,0,3,1,0,1,0,0,60,633,172,0,54,0,4,12,0,0,0,360,19,0,30,0,1158,0,0,10,42,0,0,0,0,0,0,174,0,0,0,0,0,0,0,0,40,0,0,0,2544,3,1,12,546,0,0,0,12905,0,59,0,1,0,0,0,0,0,0,0,0,19,0,1,0,0,299,0,0,0,4,0,1,0,6,0,0,0,0,0,0,0,0,0,0,0,159,140,0,3,0,0,0,0,0,0,137,0,0,44,0,0,2,0,10551,0,0,0,0,0,0,0,0,0,0,0,13,4,698,0,0,0,0,0,0,111,0,0,0,417,0,0,2867,0,4,416,0,0,0,0,0,0,4,0,0
AUS,0,0,4,770,1,0,0,0,3214,54,0,1525,0,0,0,653,0,0,0,118,0,63,206,8,0,1,105,9,3577,2548,47,1554,0,0,7,99,0,3,2,0,1764,5307,13840,0,1415,5,140,553,103,0,3,9483,37,0,883,293,2254,0,0,22546,0,5,0,0,0,0,0,13132,0,11,0,0,407,0,580,0,2611,641,0,911,1,0,322,1939,47436,0,0,1058,1667,0,1,0,1299,0,2,0,0,0,5,0,0,138,247,136,0,0,22,9,0,53,258,0,334,0,111,0,1,0,31,0,0,0,54,0,0,0,1559,2486,0,9918,0,0,84,0,450,0,1400,0,97,498,8,1,0,0,2480,11,0,0,0,1756,0,0,2,0,0,0,1195,908,2314,21,0,0,0,0,0,7,0,0,7,6846,38,18,414,0,308,42,0,29,30,155,0,0,1729,0,0
AUT,0,0,1,96,0,0,0,299,0,8,53,256,0,0,0,47,0,0,0,0,0,2,10,0,0,0,0,0,118,677,1,0,0,0,0,1,0,0,0,0,15,4765,9500,0,85,0,9,11,5,0,0,1221,0,0,41,0,78,0,0,429,0,0,0,0,0,0,0,26,0,0,0,0,0,0,49,0,1669,0,0,25,1,0,13,117,1600,0,0,0,292,1,3,0,0,0,0,0,39,0,0,0,0,8,65,16,0,0,4,0,0,0,7,0,4,0,1,0,0,0,0,0,0,0,0,0,0,0,71,142,0,5,0,0,1,0,0,0,414,0,0,27,0,0,1,0,162,4,0,0,0,0,0,0,0,0,0,0,3187,507,154,0,0,0,0,0,0,3,0,0,0,746,0,15,1,0,0,18,0,2,1,0,0,0,22,0,0
AZE,0,0,0,0,0,0,0,0,44,0,0,7,0,0,0,4,0,0,0,0,0,0,0,0,0,0,0,0,0,48,0,0,0,0,0,0,0,0,0,0,3,13,1,0,3,0,1,1,1,0,0,58,0,0,3,0,21,0,0,2,0,0,0,0,0,0,0,0,0,0,0,0,0,0,0,0,14,0,0,2,5,0,0,10,141,0,0,0,3,0,0,0,0,0,0,0,0,0,0,0,0,2,1,0,0,0,2,0,0,0,0,0,0,0,0,0,0,0,0,0,0,0,0,0,0,0,1,8,0,1,0,0,0,0,0,0,22,0,0,1,0,0,0,0,249,0,0,0,0,0,0,0,0,0,0,0,2,2,10,0,0,0,0,0,0,0,0,0,0,162,0,0,0,0,0,0,0,0,0,0,0,0,0,0,0
BDI,0,0,0,0,0,0,0,0,0,0,0,0,0,0,0,0,0,0,0,0,0,0,0,0,0,0,0,0,0,0,0,0,0,0,0,0,0,0,0,0,0,0,0,0,0,0,0,0,0,0,0,0,0,0,0,0,0,0,0,0,0,0,0,0,0,0,0,0,0,0,0,0,0,0,0,0,0,0,0,0,0,0,0,0,0,0,0,0,0,0,0,0,0,0,0,0,0,0,0,0,0,0,0,0,0,0,0,0,0,0,0,0,0,0,0,0,0,0,0,0,0,0,0,0,0,0,0,0,0,0,0,0,0,0,0,0,0,0,0,0,0,0,0,0,0,0,0,0,0,0,0,0,0,0,0,0,0,0,0,0,0,0,0,0,0,0,0,0,0,0,0,0,0,0,0,0,0,0,0,0,0,0,0,0,0
BEL,0,0,4,3,10,0,0,18,262,1,356,0,0,0,0,84,1,0,4,0,0,6,0,0,0,0,0,0,8,878,0,0,0,0,0,6,0,0,0,0,27,118,3004,0,152,0,22,42,7,0,0,1384,0,0,78,0,1650,0,0,390,0,0,0,0,0,0,0,267,0,0,0,0,0,0,6,0,215,0,0,120,1,2,6,594,9910,0,0,0,75,4,1,0,0,0,0,0,0,0,0,0,0,24,1654,27,0,0,0,2,0,0,17,0,5,0,0,0,3,0,0,0,0,0,0,0,0,0,36,136,0,8,0,0,6,0,0,0,1196,0,0,58,0,0,3,0,12,67,0,0,0,0,0,0,0,0,0,0,168,29,212,0,0,0,0,0,0,1,0,0,0,594,0,109,0,0,0,5,0,0,1,0,0,0,282,0,0
BEN,0,0,0,0,0,0,0,8,5,0,0,21,0,0,0,5,0,0,0,0,0,0,3,0,0,0,0,31,80,53,0,0,0,0,1451,0,0,0,0,0,1,8,103,0,5,1,0,0,1,0,0,42,0,0,1,0,1626,0,1225,0,0,1091,0,0,0,0,0,3,0,0,0,0,0,0,0,0,3,0,0,2,0,0,0,0,198,0,0,0,0,0,0,0,0,0,0,0,0,0,0,0,0,0,0,0,0,0,0,0,0,0,0,0,0,0,0,0,56,0,0,0,0,0,0,0,8294,0,24,2,0,1,0,0,0,0,0,0,0,0,0,2,0,0,0,0,0,0,0,0,0,0,0,0,0,0,13,0,0,0,10,0,0,0,4729,0,0,0,0,0,0,0,0,0,0,0,23,0,0,0,0,0,0,0,15,0,0
BFA,0,0,0,0,0,4,0,87,95,0,0,162,5487,0,0,12,0,0,0,0,0,0,23,0,0,0,0,106,720,570,1,0,153283,0,204,2,0,0,0,0,1,21,996,0,69,0,2,6,33,0,1,1125,0,0,23,0,7484,0,2726,729,0,48266,15,0,1,0,0,17,0,0,0,0,0,0,0,0,2,0,0,15,0,0,2,0,7649,0,1,8,0,0,0,0,0,0,0,0,353,2,0,0,0,0,2,0,0,0,0,0,0,4,0,4509,1,0,0,0,23,0,0,0,0,0,0,6375,3354,0,366,39,0,6,0,0,1,2,0,0,2,0,0,24,0,0,0,0,290,0,0,0,1,0,0,9,0,0,11,0,3,5,91,0,0,0,155,0,0,0,0,0,0,2,0,0,0,0,1368,0,0,0,0,0,0,0,55,0,0
BGD,9,0,1710,2,646729,70,0,28250,1910,5,19,1199,0,0,0,681,87794,8,0,15,7,49,247,8,1299,44,85,8,28067,2414,76,4736,0,1,106,47,0,1,11,1,685,894,5454,0,1315,18,591,183,978,0,0,14215,6,0,1715,1042,5697,0,1,106214,1,6,0,1,0,0,6,13941,0,7,3,7,3100,2,12,4,556,250,630451,886,12,0,94,4035,61414,10,6092,8494,160,0,2,0,5123,99746,21,1405,452,433,3,2,1,77,85,70,564,43,8,58,10075,620,0,0,46,779,45,0,33,0,112,0,197715,5,55,1,0,2,1405,1189,244,2597,36960,29447,69,0,138,2,915,0,243,1496,16,1,153458,17,869,17,523342,0,0,42167,77,0,4,3,0,23,160,51,6219,2,27,0,1,35186,1,2,0,3,30,1938,34,131,14,6,128303,24,1,69,2889,2,0,0,3414,7,0
BGR,0,0,0,0,0,0,0,0,0,0,0,3927,0,0,0,0,0,1,0,0,0,0,0,0,0,0,0,0,78,156,0,0,0,0,0,0,0,0,0,0,214,2282,6329,0,511,0,0,30,0,0,0,36598,0,0,163,0,145,0,0,7193,0,0,0,0,0,0,0,3136,0,0,0,0,0,0,0,0,211,0,0,0,0,0,13,0,10476,0,0,0,14,0,0,0,0,0,0,0,0,0,0,0,0,30,184,181,0,0,0,0,0,0,0,0,0,0,2,0,0,0,0,0,0,0,0,0,0,0,2476,282,0,0,0,0,0,0,0,0,155,0,0,1015,0,0,0,0,0,0,0,0,0,0,0,0,0,0,0,0,97,203,503,0,0,0,0,0,0,0,0,0,0,0,0,0,0,0,0,0,0,0,0,0,0,0,143,0,0
BHR,0,0,0,0,0,0,0,0,0,0,0,0,0,0,0,0,0,0,0,0,0,0,0,0,0,0,0,0,0,0,0,0,0,0,0,0,0,0,0,0,0,0,0,0,0,0,0,0,0,0,0,0,0,0,0,0,0,0,0,0,0,0,0,0,0,0,0,0,0,0,0,0,0,0,0,0,0,0,0,0,0,0,0,0,0,0,0,0,0,0,0,0,0,0,0,0,0,0,0,0,0,0,0,0,0,0,0,0,0,0,0,0,0,0,0,0,0,0,0,0,0,0,0,0,0,0,0,0,0,0,0,0,0,0,0,0,0,0,0,0,0,0,0,0,0,0,0,0,0,0,0,0,0,0,0,0,0,0,0,0,0,0,0,0,0,0,0,0,0,0,0,0,0,0,0,0,0,0,0,0,0,0,0,0,0
BHS,0,0,0,0,2,0,0,130,13,0,0,4,0,0,0,4,0,0,0,0,1,8,10,28,1,0,1,0,293,49,5,6,0,0,1,7,0,0,1,0,4,5,19,0,9,21,1,52,7,0,0,41,0,0,8,0,24,0,0,133,0,0,0,0,0,0,0,12,7,0,0,6,0,0,0,1,8,1,0,14,0,0,4,16,116,212,0,2,7,0,0,0,11,0,0,0,0,0,5,0,0,1,1,1,0,0,0,1,0,9,0,0,2,0,0,0,0,0,0,0,0,0,3,0,0,6,14,11,0,50,0,0,5,0,3,0,12,0,0,4,1,0,1,1,7,0,0,0,0,3,0,0,0,0,0,0,3,1,20,0,0,0,0,0,0,0,0,0,0,20,0,0,2,0,4563,0,1,3,0,0,0,0,44,0,0
BIH,0,0,0,1534,1,0,0,1100,694,0,0,174,0,0,0,96,0,0,0,1,0,3,42,0,0,0,0,0,412,200,2,1,0,0,1,2,0,0,0,0,15,332,8044,0,68,0,1,9,2,0,0,529,0,0,17,0,118,0,0,389,0,0,0,0,0,0,0,157,0,0,0,0,0,0,539,0,987,0,0,26,0,0,22,12,1159,0,1,1,12,0,0,0,1,0,0,0,0,0,0,0,0,2,52,4,0,0,1,0,0,2,280,0,7,0,0,0,0,0,0,0,0,0,1,0,0,0,98,246,0,14,0,0,2,0,0,0,70,0,0,10,0,0,0,0,95,0,0,0,0,0,0,0,0,0,0,0,739,1143,292,0,1,0,0,0,0,0,0,0,0,826,0,0,17,0,1,0,0,7,0,0,0,0,13,0,0
BLR,0,0,0,0,0,0,0,0,83,763,0,336,0,0,0,231,0,0,0,0,0,1,2,0,0,0,0,0,498,337,0,0,0,0,0,1,0,0,0,0,38,2562,4796,0,212,0,41,4,7,0,0,1145,1004,0,91,0,718,0,0,6,0,0,0,0,0,0,0,234,0,0,0,0,0,0,0,0,52,0,0,0,2,0,18,7,9305,0,0,0,2739,0,0,0,0,0,0,0,0,0,0,0,0,2053,2,0,0,0,1,0,0,3,0,0,2,0,0,0,0,0,0,0,0,0,0,0,0,0,62,268,0,11,0,0,0,0,0,0,5322,0,0,300,0,0,0,0,26846,0,0,0,0,0,0,0,0,0,0,0,20,20,727,0,0,0,0,0,0,0,0,0,0,22,0,0,25168,0,0,0,0,0,0,0,0,0,0,0,0
BLZ,0,0,0,0,0,0,0,14,9,0,0,0,0,0,0,1,0,2,0,0,0,443,3,0,0,0,0,0,636,32,1,0,0,0,0,2,0,0,6,0,0,2,0,0,4,6,0,3,2,0,0,0,0,0,0,0,4,0,0,1502,0,0,0,0,0,0,0,2,0,142,0,0,0,18,0,0,1,0,0,0,0,0,1,0,6,1,0,0,0,0,0,0,0,0,0,0,0,0,0,0,0,0,0,0,0,0,0,0,0,537,0,0,2,0,0,0,0,0,0,0,0,0,0,0,0,0,6,4,0,0,0,0,0,0,0,0,0,0,0,0,0,0,0,0,0,0,0,0,0,0,0,0,53,0,0,0,0,0,5,0,0,0,0,0,0,0,0,0,0,1,0,0,0,0,3878,0,0,3,0,0,0,0,0,0,0
BOL,0,0,0,0,0,56615,0,116,98,0,1,0,0,0,0,13,0,0,0,0,0,0,8771,0,0,0,0,0,1171,1074,6478,0,0,0,0,232,0,0,5,0,4,42,307,0,185,21,0,973,0,0,0,108721,0,0,61,0,1018,0,0,1,0,0,0,0,0,0,0,8,0,17,0,0,0,4,0,0,22,0,0,2,0,0,3,0,6817,0,0,0,0,0,0,0,0,0,0,0,0,0,0,0,0,3,1,0,0,0,0,0,0,153,0,0,1,0,0,0,0,0,0,0,0,0,0,0,0,0,191,140,0,30,0,0,62,0,0,0,30,0,0,95,299,0,0,0,0,0,0,0,0,0,0,0,2,0,0,0,9,3,1180,0,0,0,0,0,0,0,0,0,0,3,0,0,0,0,11768,0,0,178,0,0,0,0,9,0,0
BRA,22,0,3026,9,61,6715,0,9119,2092,1,2,5398,0,0,0,291,7,23,0,48,0,6884,0,0,846,0,58,47,6974,24386,1901,25843,0,0,279,1311,0,192,54,1,102,1285,21421,0,1605,268,74,3356,62,0,0,86462,17,0,813,0,24650,0,2,8120,0,10,0,16,0,0,114,734,0,75,5071,611,31,22,40,58,808,68,0,880,0,1,239,4461,53883,0,0,44697,1587,0,0,0,15,0,0,0,0,21,7,0,0,74,4033,65,0,0,8,8,0,1113,5,0,19,0,4,0,97,5,3,0,46,0,16,0,0,0,4961,2402,0,1093,0,0,403,0,147,0,884,0,1463,59434,17527,0,16,4,598,3,2,0,0,0,0,0,27,0,3,2034,269,87,3055,0,0,0,2,45,0,0,1,0,3,1254,16,20,721,1259,75163,3,0,2752,132,0,0,0,10592,1,0
BRB,0,0,0,0,0,0,0,0,1,0,0,0,0,0,0,1,0,0,0,0,0,1,6,0,0,0,0,0,0,3,0,0,0,0,0,0,0,0,0,0,0,0,0,0,1,0,0,3,0,0,0,0,0,0,1,0,5,0,0,5563,0,0,0,0,0,0,0,0,0,0,0,0,0,0,0,0,0,0,0,0,0,0,0,0,4,0,0,0,0,0,0,0,0,0,0,0,0,0,98,0,0,0,0,0,0,0,0,0,0,0,0,0,0,0,0,0,0,0,0,0,0,0,0,0,0,0,0,0,0,8,0,0,0,0,0,0,2,0,0,0,0,0,0,0,0,0,0,0,0,0,0,0,0,0,0,0,0,0,3,0,0,0,0,0,0,0,0,0,0,0,0,0,0,0,0,0,16,0,0,0,0,0,3,0,0
BRN,2,0,0,0,1597,2,0,10236,50,0,0,16,0,0,496,1,199,3,0,0,0,1,126,0,0,1,1,0,4025,173,2,578,0,0,0,5,0,0,0,0,21,44,308,0,81,2,117,6,165,0,0,142,0,0,39,0,202,0,0,2642,0,0,0,0,0,0,0,12,0,0,0,0,1032,0,0,0,11,26,5615,103,1,0,7,1,360,0,21,506,1,0,0,0,180,173,0,1,0,167,0,1,0,0,1,0,39,0,0,1,0,5,0,0,2,2,1,0,0,0,9,0,4455,0,2,0,0,0,575,105,0,1031,58,0,6,3,72,31,6,0,29,9,0,0,402,0,131,0,1005,0,0,12033,1,0,0,0,0,1,1,1,115,0,0,0,0,31,0,0,0,0,0,29,0,0,0,0,5321,0,0,3,80,0,0,0,58,0,0
BTN,0,0,0,0,0,0,0,0,0,0,0,0,0,0,0,0,0,0,0,0,0,0,0,0,0,0,0,0,0,0,0,0,0,0,0,0,0,0,0,0,0,0,0,0,0,0,0,0,0,0,0,0,0,0,0,0,0,0,0,0,0,0,0,0,0,0,0,0,0,0,0,0,0,0,0,0,0,0,0,0,0,0,0,0,1,0,0,0,0,0,0,0,0,0,0,0,0,0,0,0,0,0,0,0,0,0,0,0,0,0,0,0,0,0,0,0,0,0,0,0,0,0,0,0,0,0,0,0,0,0,0,0,0,0,0,0,0,0,0,0,0,0,0,0,0,0,0,0,0,0,0,0,0,0,0,0,0,0,0,0,0,0,0,0,0,0,0,0,0,1,0,0,0,0,0,0,0,0,0,0,0,0,0,0,0
BWA,0,0,5,0,0,0,0,343,6,0,267,0,0,0,0,14,0,6,0,0,0,0,0,0,0,0,0,0,156,23,1,0,0,0,0,2,0,0,0,0,3,48,0,0,19,0,0,3,2,0,0,0,0,0,6,0,40,0,0,0,0,0,0,0,0,0,0,1,0,0,0,0,0,0,0,0,2,0,0,23,0,0,0,0,29,0,0,0,0,3,0,0,0,0,0,0,0,0,0,0,0,0,0,0,0,0,0,0,0,0,0,0,1,0,0,0,0,0,0,0,0,28,0,0,0,1,45,36,0,48,0,0,0,0,0,0,0,0,0,0,0,0,0,0,0,28,0,0,0,0,0,0,0,0,0,0,1,1,29,2,0,0,0,0,0,0,0,0,0,6,61,74,0,0,137,0,0,0,0,0,0,0,18695,12,0
CAF,0,0,11,0,0,0,0,10,3,0,850,0,0,0,0,0,0,0,0,0,0,0,4,0,0,0,0,0,20,26,0,0,0,0,7037,1,0,0,0,0,2,1,0,0,3,0,0,1,5,0,0,0,0,0,1,0,2948,0,0,0,0,0,0,0,0,0,0,0,0,0,0,0,0,0,0,0,2,0,0,0,0,0,0,0,49,0,0,0,1,7,0,0,0,0,0,0,0,0,0,0,0,0,0,0,0,0,0,0,0,0,0,0,0,0,0,0,0,0,0,0,0,0,0,0,0,0,9,3,0,1,0,0,1,0,0,0,4,0,0,0,0,0,0,0,4,73,0,0,0,0,0,0,0,0,100,0,0,0,27,0,0,18023,2,0,0,0,0,0,0,2,0,263,0,0,6,0,0,0,0,0,0,0,5,0,0
CAN,0,0,20,35,9,0,0,2403,2162,35,2121,2586,0,0,0,327,62,1,0,132,28,203,114,50,0,0,30,11,0,2063,16,642,0,0,15,125,0,5,6,0,366,4314,16084,0,1086,52,162,724,76,0,0,18616,44,0,1101,0,2319,0,1,21299,0,10,0,9,0,0,0,4051,7,15,0,22,0,3,29,28,2402,75,0,582,1,0,786,1821,39209,51,285,185,1571,13,0,0,1191,0,0,77,62,0,16,0,0,111,305,81,0,0,23,9,0,129,3,0,33,0,17,0,7,0,5,0,0,0,0,0,0,0,1600,3231,0,389,0,0,124,0,337,0,1266,0,42,821,41,0,157,0,2093,954,0,0,0,338,0,0,0,0,0,0,976,129,1697,2,465,0,0,0,0,2,0,0,5,2121,742,466,612,0,28,14,14,34,5,0,0,0,747,0,0
CHE,0,0,1,5,3,0,0,768,2427,0,45,463,0,0,0,96,0,0,0,0,0,57,1,0,0,0,0,19,170,0,0,0,0,0,2,66,0,0,0,0,81,2673,10340,0,488,0,116,534,48,0,0,3060,0,0,280,0,18540,0,0,207,0,14,0,4,0,0,0,23,0,6,0,0,0,0,66,17,780,0,0,48,0,0,45,1029,97947,0,5,0,0,0,0,0,0,0,0,1,73,0,0,0,0,25,117,52,0,0,0,23,0,0,0,0,17,0,5,0,4,0,0,0,0,0,0,0,0,0,332,369,0,134,0,0,14,0,135,0,643,0,0,2111,15,0,1,0,214,1,0,0,0,0,0,0,0,0,0,0,577,340,608,0,0,0,0,0,0,0,0,0,1,2634,26,0,0,0,16,0,0,10,0,0,0,0,240,0,0
CHL,0,0,5,1,3,4243,0,4223,361,1,6,173,0,0,0,20,1,9,0,3,0,2329,7,0,0,0,2,1,5528,1931,0,0,0,0,4,686,0,0,139,4,20,148,856,0,362,290,2,8094,9,0,1,27746,1,0,187,0,2301,0,0,86,0,0,0,0,0,0,2,115,0,55,0,1,0,25,37,103,103,0,0,40,0,0,39,1517,5976,0,1,1,74,0,0,0,0,0,0,0,3,0,0,0,0,3,19,5,0,0,1,3,0,638,0,0,2,0,0,0,15,0,1,0,0,0,14,0,0,0,468,1854,0,539,0,0,184,0,2,0,71,64,0,46,635,0,9,3,45,2,0,0,0,0,0,0,15,0,0,1,26,17,6758,0,2,0,0,0,0,0,0,0,0,111,2,1,31,189,13056,1,0,1765,0,0,0,0,105,0,0
CHN,191,0,0,0,0,2736,0,150947,4402,151,0,4474,0,0,0,465,0,20,0,0,386,322,5321,0,0,97,800,37,163196,5186,1547,0,0,0,293,740,0,0,25,10,514,4247,27203,0,5153,578,306,2006,290,0,0,83133,35,0,3956,0,34282,0,24,42507,49,46,0,0,0,0,0,2523,0,121,0,322,251540,49,0,108,4868,0,0,967,0,0,259,75,29647,0,0,145965,2973,0,86,0,216747,0,470,0,0,167,14,0,0,196,233,63,49007,0,136,860,0,2730,0,0,64,2463,4509,0,85,13,5142,0,0,0,23,0,0,6,17053,4382,0,36964,0,0,1645,0,0,0,767,0,15389,5139,120,58,0,0,18711,52,0,0,0,49128,0,0,40,0,0,1240,426,403,12169,0,0,0,0,28395,0,90,24,0,0,626,0,177,0,0,615536,577,0,3013,1610,0,0,0,7017,4,0
CIV,0,0,159,0,25,1,0,992,406,0,0,2782,13631,119154,1,28,3,1,0,0,0,5,356,0,0,0,2,511,4673,3097,17,0,0,220,9793,6,0,88,2,1,13,170,4892,0,501,7,217,18,314,0,273,13393,0,0,253,0,92340,0,10513,6887,0,16238,3779,0,887,132,1,156,0,0,0,0,0,0,0,0,68,0,1,239,0,1,12,244,21936,0,5,76,0,0,0,0,6,2,0,0,98516,322,2,0,0,1,18,3,0,15,0,1,0,25,0,19046,9,0,0,0,2577,0,0,0,0,0,0,3139,25004,1,2413,490,0,44,0,0,2,0,3,0,52,0,0,1553,0,0,6,0,166,0,18,0,2606,0,0,946,0,0,55,0,7,6,1026,1,0,0,5172,11,0,0,0,0,24,78,0,53,0,0,18514,0,0,10,37,0,0,0,1083,17,0
CMR,0,0,0,0,0,0,0,123,183,0,0,4606,0,0,0,5,0,0,0,0,0,1,78,0,0,0,0,3745,1421,2943,1,0,0,0,4075,4,0,0,1,0,20,66,3990,0,296,1,0,33,25,0,0,2784,0,0,347,0,30620,0,5735,3068,0,30,0,0,0,0,425,119,0,0,0,0,0,0,0,0,94,0,0,105,0,0,2,0,4132,0,0,0,0,0,0,0,0,0,0,0,0,0,0,0,0,0,16,2,0,0,0,0,0,19,0,0,0,0,0,0,243,0,0,0,0,0,0,3,4513,1,746,287,0,3,0,0,3,1,0,0,29,0,0,22,0,0,0,0,81,0,0,0,3,0,0,0,0,0,49,0,4,6,836,0,0,0,0,0,0,0,0,0,0,8,0,0,0,0,19816,0,0,1,0,0,0,0,891,1,0
COG,0,0,159,0,0,0,0,149,7,0,593,13,10,0,0,1,0,0,0,0,0,0,13,0,0,0,0,169,54,1,0,0,0,0,0,0,0,0,0,0,0,7,1802,0,98,0,0,5,2,0,0,181,0,0,17,0,927,0,0,0,0,0,0,0,0,0,0,24,0,0,0,0,0,0,0,0,7,0,0,0,0,0,0,0,1,0,0,0,0,5,0,0,0,0,0,0,0,0,0,0,0,0,0,0,0,0,0,0,0,0,0,0,0,0,0,0,0,0,0,0,0,0,0,0,0,0,27,22,0,6,0,0,0,0,0,0,20,0,0,0,0,0,0,0,74,48,0,0,0,0,0,0,0,0,0,0,2,1,87,6,0,0,0,0,0,0,0,0,0,0,1899,159,0,0,0,0,0,0,0,0,0,0,2193,0,0
COL,0,0,0,0,2,0,0,1225,7,0,1,100,0,0,0,4,0,9,0,0,0,0,0,0,0,0,0,0,911,506,1429,0,0,0,0,0,0,0,1115,0,6,56,500,0,81,0,1,43120,0,0,0,49130,0,0,90,0,851,0,0,34,0,0,0,0,0,0,0,31,0,0,0,0,0,0,0,0,16,0,0,0,0,0,17,330,3248,0,1,0,2,0,0,0,0,0,0,0,2,1,0,0,0,3,0,2,0,0,0,0,0,194,0,0,0,0,0,0,0,0,0,0,0,0,0,0,0,0,2,196,0,20,0,0,266,0,0,0,23,0,0,29,0,0,0,0,1,0,1,0,0,0,0,0,0,0,0,0,8,4,352,0,2,0,0,0,0,0,0,0,0,1,0,0,0,0,28,0,0,48989,0,0,0,0,0,0,0
COM,0,0,0,0,0,0,0,0,0,0,3,0,0,0,0,0,0,0,0,0,0,0,1,0,0,0,0,0,5,6,0,0,0,0,0,0,0,0,0,0,0,2,0,0,1,0,267,0,127,0,0,0,0,0,1,0,8100,0,0,0,0,0,0,0,0,0,0,0,0,0,0,0,0,0,0,0,0,0,0,0,0,0,0,0,11,0,0,0,0,0,0,0,0,0,0,0,0,0,0,0,0,0,0,0,0,0,0,648,0,0,0,0,0,0,0,0,0,0,0,0,0,0,0,0,0,0,0,1,0,0,0,0,0,0,0,0,11,0,0,0,0,0,0,0,45,2,0,0,0,0,0,0,0,0,0,0,0,0,0,0,0,0,0,0,0,0,0,0,0,0,149,0,0,0,0,0,0,0,0,0,0,0,4,0,0
CPV,0,0,3135,0,0,0,0,1,7,0,0,11,0,0,0,3,0,0,0,0,0,1,534,0,0,0,1,0,11,456,0,0,0,0,33,2,0,0,0,0,0,10,6,0,5,0,0,1,0,0,0,975,0,0,5,0,3035,0,1,43,0,0,0,0,0,0,13,14,0,0,0,0,0,0,0,0,1,0,0,0,0,0,8,1,761,0,0,0,1,0,0,0,0,0,0,0,0,0,0,0,0,0,208,1,0,0,0,0,0,1,0,0,1,0,0,0,0,0,0,0,0,0,0,0,0,0,286,111,0,2,0,0,0,0,43,0,1,0,0,10426,0,0,0,0,15,0,0,0,0,0,0,1,0,0,4,2,0,1,62,0,0,0,0,0,0,0,0,0,0,2,2,0,0,0,1427,0,0,1,0,0,0,0,75,0,0
CRI,0,0,0,0,1,2,0,101,68,0,1,9,0,0,0,6,0,0,0,2,0,71,106,0,0,0,0,0,1330,334,71,0,0,0,1,447,0,0,0,3,3,45,227,0,60,313,1,757,0,0,0,1601,1,0,31,0,298,0,0,55,0,0,0,0,0,0,0,10,0,250,0,0,0,90,0,101,26,0,0,6,0,0,3,43,1006,30,1,0,68,0,0,0,0,0,0,0,0,0,0,0,0,3,3,2,0,0,0,1,0,211,0,0,1,0,0,0,0,0,0,0,0,0,4,0,0,1194,199,106,0,12,0,0,912,0,5,0,37,0,0,10,13,0,0,1,34,1,0,0,0,0,0,0,73,0,0,0,6,2,167,0,1,0,0,0,0,0,0,0,0,61,0,0,26,0,7585,1,0,162,0,0,0,0,9,0,0
CUB,0,0,10,0,0,0,0,157,207,3,2,311,0,0,0,157,0,76,0,11,0,126,406,0,0,0,0,0,3255,1153,240,1,0,0,166,609,0,1,317,0,13,287,3410,0,191,751,1,2054,1,0,1,33970,4,0,174,0,1726,0,0,45,0,0,0,0,0,0,3,242,0,109,0,0,0,36,0,308,267,0,0,21,0,0,19,5,12314,387,1,1,289,0,0,0,0,0,0,0,0,0,7,0,0,7,6,19,0,0,0,2,0,2359,0,0,1,0,0,0,2,0,0,0,0,0,2,0,0,0,370,385,0,14,0,0,201,0,2,0,131,0,0,780,48,0,0,0,774,0,0,0,0,0,0,0,22,0,0,0,63,28,814,0,1,0,0,1,0,0,0,0,0,31,1,7,134,0,118560,0,0,1661,0,0,0,0,122,0,0
CYP,0,0,0,0,0,0,0,0,0,0,16,3,0,0,0,1,0,0,0,0,0,0,0,0,0,0,0,0,0,0,0,0,0,0,0,0,0,0,0,0,0,0,0,0,0,0,0,0,0,0,0,131,0,0,0,0,0,0,0,6,0,0,0,0,0,0,0,0,0,0,0,0,0,0,0,0,0,0,0,0,0,0,0,0,166,0,0,0,1,0,0,0,0,0,0,0,0,0,0,0,0,0,0,0,0,0,0,0,0,0,0,0,0,0,0,0,0,0,0,0,0,0,0,0,0,0,0,1,0,0,0,0,0,0,0,0,0,0,0,3,0,0,0,0,0,1,0,0,0,0,0,0,0,0,0,0,0,0,0,0,0,0,0,0,0,0,0,0,0,0,0,6,0,0,0,0,0,0,0,0,0,0,0,0,0
CZE,0,0,0,1,0,0,0,0,292,0,0,852,0,0,0,49,0,0,0,0,0,0,16,0,0,0,0,0,0,613,0,0,0,0,0,0,0,0,0,0,6,0,6531,0,223,0,0,4,0,0,0,1702,0,0,31,0,2,0,0,63,0,0,0,0,0,0,0,1,0,0,0,0,0,0,0,0,2659,0,0,79,0,0,49,0,1223,0,0,0,11,0,0,0,0,0,0,0,0,0,0,0,0,2,164,16,0,0,0,0,0,2,1,0,0,0,0,0,0,0,0,0,0,0,0,0,0,0,730,535,0,1,0,0,1,0,0,0,72,0,0,16,0,0,0,0,274,0,0,0,0,0,0,0,0,0,0,0,4857,112,253,0,0,0,0,0,0,0,0,0,0,3,0,0,0,0,0,1,0,0,0,0,0,0,1,0,0
DEU,0,0,29,7260,1,0,0,83,40538,5,2137,12107,0,0,0,2262,0,0,0,297,0,23,53,0,62,0,18,4,103,42940,1,10,0,0,31,21,0,7,0,0,1837,22157,0,0,2077,3,251,148,74,0,0,42704,129,0,890,0,16216,0,0,6385,0,0,0,0,0,0,3,34666,0,1,0,0,3,0,7564,1,10062,4,0,1188,2,0,97,884,82978,0,0,1,3502,27,2,0,1,0,0,0,962,2,1,0,0,325,3684,130,0,0,183,5,0,1,2576,0,85,0,6,0,1,0,3,0,3,0,0,0,0,0,2375,4337,0,50,0,0,4,0,45,0,5780,0,1,908,7,0,0,0,6636,199,0,0,0,0,0,0,0,0,0,0,2400,6769,5507,0,0,0,0,0,0,2,0,0,2,32834,40,754,3776,0,68,12,0,26,1,0,0,0,238,0,0
DJI,0,0,0,0,0,0,0,40,2,0,0,0,0,0,0,1,0,0,0,0,0,0,0,0,0,0,0,0,130,40,0,0,0,0,0,0,0,0,0,0,2,4,0,0,8,0,160,0,168,0,0,0,0,0,3,0,2752,0,0,0,0,0,0,0,0,0,0,0,0,0,0,0,0,0,0,0,0,0,0,0,0,0,1,0,54,0,0,0,0,0,0,0,0,0,0,0,0,146,0,0,0,0,0,0,0,0,0,0,0,1,0,0,0,0,0,0,0,0,0,0,0,0,0,0,0,0,20,19,0,25,0,0,0,0,0,0,0,0,0,0,0,0,0,0,0,0,0,0,0,0,0,0,0,0,0,0,0,0,46,0,0,0,0,0,0,0,0,0,0,0,0,0,0,0,5,0,0,0,0,0,0,0,0,0,0
DNK,0,0,0,41,1,0,0,33,264,1,0,205,0,0,0,22,16,0,0,21,0,2,0,0,0,0,17,0,1,482,0,0,0,0,0,3,0,0,0,0,20,140,1981,0,0,0,30,17,17,0,0,1123,6,0,150,0,67,0,0,1,0,0,0,0,0,0,0,13,0,0,0,0,0,0,39,0,118,0,0,134,0,0,292,382,345,0,0,0,34,0,0,0,0,0,0,0,18,0,0,0,0,100,257,98,0,0,0,0,0,0,15,0,6,0,0,0,0,0,0,0,0,0,0,0,0,0,1,1816,0,8,0,0,4,0,0,0,291,0,0,10,0,0,0,0,20,0,0,0,0,0,0,0,0,0,0,0,49,38,5450,0,0,0,0,0,0,0,0,0,0,513,0,15,0,0,0,8,0,1,0,0,0,0,172,0,0
DOM,969,0,1,0,1,1,0,79,719,0,4,190,0,0,0,17,6,59,0,2,0,18,110,1,0,0,1,1,1687,3183,28,0,0,0,2,250,0,0,55,0,7,52,2577,0,55,0,3,457,1,0,0,56301,1,0,73,0,2663,0,0,88,0,0,0,0,0,0,1,384,0,18,0,4,0,7,1,587,36,0,0,10,0,0,16,68,14751,0,0,0,36,0,0,0,0,0,0,0,2,0,13,0,0,2,12,3,0,0,1,1,0,391,0,0,0,0,0,0,0,5,0,0,0,0,4,0,0,0,1645,281,0,6,0,0,60,0,1,0,50,0,0,32,4,0,0,1,47,1,0,0,0,0,0,0,12,0,0,0,16,76,270,0,1,0,0,1,0,0,0,0,0,104,1,1,17,0,95233,0,0,1999,19,0,0,0,19,0,0
DZA,0,0,0,0,0,0,0,0,23,0,0,535,0,0,0,135,0,0,0,0,0,0,54,0,0,0,0,0,1761,393,0,0,0,0,0,2,0,0,0,0,4,320,0,0,0,0,0,16,0,0,45021,11049,0,0,115,0,140523,0,0,2152,0,0,0,0,0,0,0,76,0,0,0,0,0,0,0,0,126,0,0,0,0,0,0,10443,1505,0,0,0,0,0,0,0,0,0,0,0,0,0,0,0,0,5,1,4,0,0,0,39,0,0,0,0,0,0,0,0,30,0,0,0,0,0,0,0,0,0,0,118,0,0,0,0,0,0,0,0,161,0,0,0,0,0,0,0,0,0,0,0,0,0,0,0,0,0,0,0,25,9,263,0,0,0,0,0,0,0,0,0,0,44,0,0,0,0,0,0,0,0,0,0,0,0,0,0,0
ECU,0,0,0,0,0,0,0,84,60,0,0,0,0,0,0,6,0,3,0,0,0,70,44,0,0,0,0,0,716,1186,2727,0,0,0,0,2276,0,0,0,0,2,46,609,0,80,0,0,0,1,0,0,197468,0,0,61,0,1103,0,0,0,0,0,0,0,0,0,0,46,0,5,0,0,0,0,0,0,30,0,0,0,0,0,8,0,44220,0,0,0,0,0,0,0,0,0,0,0,0,0,0,0,0,0,1,0,0,0,0,0,0,95,0,0,0,0,0,0,0,0,0,0,0,0,0,0,0,0,329,119,0,9,0,0,0,0,0,0,20,0,0,98,3,0,0,0,27,0,0,0,0,0,0,0,0,0,0,0,15,3,551,0,0,0,0,0,0,0,0,0,0,0,0,0,0,0,101,0,0,1698,0,0,0,0,0,0,0
EGY,0,0,0,182,169580,0,0,5778,3565,1,14,436,0,0,0,77,23249,0,0,1,0,15,43,0,0,0,0,21,8647,1478,9,0,0,0,0,36,0,0,1,0,1672,418,3554,0,395,1,3,55,0,0,0,1308,0,0,374,0,7291,0,0,8,0,8,0,0,0,0,0,3999,0,6,0,0,0,0,0,0,334,0,0,119,0,0,12,6726,34859,0,37638,307,34,0,0,0,0,0,0,51,10,1111,0,0,0,17,5,29,0,0,0,17,0,40,615,0,108,0,0,0,116,0,0,0,0,0,0,0,800,0,2474,305,0,280,0,0,7,0,0,0,302,0,0,198,0,0,45934,0,246,1,0,0,0,0,0,0,0,0,0,0,79,38,1434,0,299,0,0,0,0,0,0,0,0,324,0,5,18,0,26385,1,0,1,0,0,0,0,811,2,0
ERI,0,0,218,0,1,0,0,23,1,0,1512,7,0,0,0,0,0,0,0,0,0,0,0,0,0,0,1,0,5,6,1,0,0,0,20,0,0,0,0,0,2,1,2,1,2,0,3,0,3,0,0,2,0,0,3,0,17,0,0,51,0,0,0,0,0,0,0,1,0,0,0,0,0,0,0,0,0,0,0,0,0,0,0,6,5,0,0,0,0,16,0,0,0,0,0,0,0,1,0,0,0,0,0,0,0,0,0,0,0,0,0,0,0,0,0,0,0,0,0,0,0,2,0,0,0,0,6,8,0,4,0,0,0,0,0,0,1,0,0,1,0,0,0,0,2,142,0,0,0,0,0,0,0,0,0,0,0,0,15,0,0,0,0,0,0,0,0,0,0,0,45,126,0,0,13,0,0,0,0,0,0,22,44,3,0
ESH,0,0,0,0,0,0,0,0,0,0,0,0,0,0,0,0,0,0,0,0,0,0,0,0,0,0,0,0,0,0,0,0,0,0,0,0,0,0,0,0,0,0,0,0,0,0,0,0,0,0,0,0,0,0,0,0,0,0,0,0,0,0,0,0,0,0,0,0,0,0,0,0,0,0,0,0,0,0,0,0,0,0,0,0,0,0,0,0,0,0,0,0,0,0,0,0,0,0,0,0,0,0,0,0,0,0,0,0,0,0,0,0,0,0,0,0,0,0,0,0,0,0,0,0,0,0,0,0,0,0,0,0,0,0,0,0,0,0,0,0,0,0,0,0,0,0,0,0,0,0,0,0,0,0,0,0,0,0,0,0,0,0,0,0,0,0,0,0,0,0,0,0,0,0,0,0,0,0,0,0,0,0,0,0,0
ESP,0,0,4,0,0,0,0,10,0,0,275,1,0,0,0,0,0,0,0,0,0,0,1,0,0,0,0,0,0,13,0,0,0,0,0,0,0,0,0,0,0,1,108,0,5,0,8,0,0,0,0,0,0,0,4,0,0,0,0,9,0,0,0,0,0,0,0,21,0,0,0,0,0,0,0,0,1,0,0,0,0,0,0,0,143,0,24,0,0,3,0,0,0,0,0,6,705,0,0,0,0,0,0,0,0,0,0,0,0,0,0,0,0,0,0,0,0,0,0,0,0,0,0,0,0,0,0,13,0,0,0,0,0,0,0,0,4,0,0,0,0,0,0,0,0,24,0,0,0,0,0,0,0,0,0,0,1,0,19,0,38,0,0,0,0,0,0,0,0,0,0,96,0,0,0,0,0,0,0,0,0,0,1,0,0
EST,0,0,0,0,0,0,0,0,1,4,0,27,0,0,0,3,0,0,0,21,0,0,2,0,0,0,0,0,0,8,0,0,0,0,0,0,0,0,0,0,0,9,5,0,47,0,0,0,0,0,0,41,0,0,6171,0,1,0,0,5,0,0,0,0,0,0,0,0,0,0,0,0,0,0,0,0,4,0,0,19,0,0,5,0,43,0,0,0,86,0,0,0,0,0,0,0,0,0,0,0,0,38,20,64,0,0,2,0,0,0,0,0,0,0,0,0,0,0,0,0,0,0,0,0,0,0,12,169,0,0,0,0,0,0,0,0,1,0,0,0,0,0,0,0,271,0,0,0,0,0,0,0,0,0,0,0,2,1,2,0,0,0,0,0,0,0,0,0,0,1,0,0,113,0,0,0,0,0,0,0,0,0,0,0,0
ETH,0,0,0,0,3956,0,0,3526,347,0,35,175,0,0,0,26,549,0,0,0,0,2,5,0,0,0,0,0,6672,1852,1,0,0,0,2,3,0,0,0,2,26,69,71,1479,711,0,1244,3,1310,0,0,1277,0,0,1098,0,3038,0,0,6728,0,7,0,0,0,0,0,969,0,0,0,0,0,0,0,0,73,0,0,54,0,0,28,34603,13927,0,1,0,0,9335,0,0,0,60,0,0,0,695,2,0,0,1,2,0,0,3,0,0,0,1,0,0,12,0,0,0,0,0,0,0,18,0,0,0,0,3,1912,3058,0,329,0,0,0,1,0,0,20,0,0,12,0,0,1077,0,90,8,335,2,0,0,0,0,0,863,0,0,13,4,5664,13,105,0,0,4,0,0,0,0,0,26,13,1545,0,0,57079,0,0,8,0,0,0,8511,3664,0,0
FIN,0,0,0,1,0,0,0,0,1,0,0,43,0,0,0,48,0,0,0,133,0,0,0,0,0,0,0,0,0,28,0,2,0,0,2,0,0,1,0,0,7,203,0,0,4,0,3,2,0,0,0,132,381,0,0,0,63,0,0,0,0,0,0,0,0,0,0,0,0,0,0,0,0,0,0,0,9,0,0,0,0,0,0,0,207,0,0,0,1007,0,0,0,0,0,0,0,0,0,0,0,0,0,0,0,0,0,0,0,0,0,0,0,0,0,0,0,0,0,0,0,0,0,0,0,0,0,41,94,0,1,0,0,0,0,0,0,0,0,0,7,0,0,0,0,0,0,0,0,0,0,0,0,0,0,0,0,6,2,114,0,0,0,0,0,0,0,0,0,0,7,0,0,1272,0,0,0,0,0,0,0,0,0,2,0,0
FJI,0,0,0,0,0,0,0,12334,3,0,0,0,0,0,0,1,0,0,0,0,0,1,0,0,0,0,0,0,4012,0,0,0,0,0,0,0,0,0,0,0,1,1,0,0,5,0,0,0,0,0,0,0,0,0,2,0,22,0,0,0,0,0,0,0,0,0,0,11,0,0,0,0,0,0,0,0,0,0,0,2,0,0,1,0,21,0,0,0,0,0,0,0,0,0,0,0,0,0,0,0,0,0,0,0,0,0,0,0,0,0,0,0,0,0,0,0,0,0,0,0,0,0,0,0,0,1,27,14,0,10807,0,0,0,0,0,0,7,0,0,0,0,2,0,0,0,0,0,0,0,0,0,0,0,0,0,0,0,1,19,0,0,0,0,0,0,0,78,0,0,0,0,0,0,0,4609,0,0,0,0,75,0,0,4,0,0
FRA,1,0,252,20,3245,26,0,9217,2769,3,2498,54725,143,0,0,1004,456,0,0,16,2,118,58,72,6,4,135,806,7383,44794,296,146,0,238,1883,358,29,65,4,0,1129,6069,35827,0,3023,47,589,1077,316,7,87,52317,16,0,1443,11,0,0,0,57686,0,35,0,3,0,0,1434,1088,0,26,0,10,51,1,107,40,2458,74,0,6819,0,0,353,14362,148544,61,50,643,80,27,0,0,74,217,0,14,291,6,19,0,0,401,21594,360,0,0,3,1387,0,8,2,0,188,0,24,0,288,0,254,0,1,0,4012,0,9,0,5734,3045,0,2814,0,0,109,0,304,0,11064,0,9,4536,29,0,946,1682,1509,294,4,0,0,12,38,0,5,0,6,174,2280,272,3723,0,82,0,36,3215,0,0,0,14,413,4735,61,842,7,0,547,6,9,433,23,108,0,0,8011,0,0
FSM,0,0,0,0,14,0,0,80,2,0,0,1,0,0,1,0,2,0,0,0,0,0,1,0,6,0,0,0,56,3,1,10,0,0,0,2,0,0,0,0,1,1,7,0,1,0,0,5,0,0,0,6,0,0,1,0,7,0,0,15,0,0,0,0,0,0,0,0,0,0,0,0,7,0,0,0,1,1,0,1,0,0,0,9,10,0,0,16,0,0,0,0,17,1,0,0,0,0,0,0,0,0,0,0,1,0,0,0,0,23,0,0,0,0,0,0,0,0,0,0,0,0,0,0,0,0,2,2,0,14,0,0,0,0,8,0,2,0,1,0,0,0,4,0,1,0,8,0,0,7,0,0,0,0,0,0,3,0,3,0,0,0,0,1,0,0,0,0,0,2,0,0,0,0,7405,0,0,0,5,0,0,0,2,0,0
GAB,0,0,121,0,15,0,0,93,15,1,1330,597,9,0,0,10,2,0,0,0,0,5,42,0,0,0,0,233,520,153,2,0,0,15,1862,1,0,0,0,0,1,6,806,0,37,0,1,5,5,0,0,745,0,0,17,0,13041,0,0,6,0,0,0,0,0,0,14575,9,0,0,0,0,0,0,0,0,8,0,0,5,0,0,2,64,286,0,1,2,42,12,0,0,0,1,0,0,0,0,0,0,0,0,4,0,0,0,0,14,0,1,0,356,0,0,0,0,90,0,2,0,0,0,22,0,0,0,51,16,0,8,0,0,0,0,1,0,26,0,0,473,0,0,4,16,54,110,0,0,0,0,0,0,0,0,1,1,2,2,47,2,0,0,1,0,0,0,0,0,1,16,441,382,0,0,159,2,0,1,0,1,0,0,735,0,0
GBR,0,0,16,1,5637,0,0,68854,2512,0,5650,6122,0,0,0,1683,971,1,0,104,26,186,410,836,66,1,1466,13,45380,12705,3309,1554,0,0,0,317,0,13,13,0,9422,6315,19598,0,3893,43,617,1250,491,0,0,136846,14,0,2130,133,3913,0,0,0,0,237,0,30,0,0,0,37,0,26,0,118,551,3,44,0,2608,835,0,57964,0,0,428,12438,26706,710,19,497,4,15,0,0,868,0,0,3,0,2,206,0,0,2408,2215,1280,0,0,29,30,0,86,1,0,2498,0,9,0,1,3,176,0,0,0,0,0,1,1,5002,4353,0,29021,0,0,499,0,29,0,30286,0,107,5732,31,2,1830,0,1284,6997,0,0,0,0,0,0,3,0,0,0,3800,307,6791,2,18,0,0,514,2,0,0,159,0,7921,3577,1202,3,0,2196,42,110,173,158,15,0,0,68705,0,0
GEO,0,0,0,4,0,0,0,71,635,1908,0,450,0,0,0,536,0,0,0,2326,0,1,34,0,0,0,0,0,543,366,1,15,0,0,16,3,0,6,0,0,3867,2061,4076,0,131,1,17,11,3,0,0,6262,422,0,52,0,3472,0,0,215,0,0,0,0,0,0,0,12299,0,0,0,0,0,0,0,0,190,0,0,47,39,0,20,35,6588,0,0,0,10592,0,292,0,1,0,0,0,0,0,0,0,0,289,7,374,0,0,1195,0,0,0,1,0,4,0,0,0,0,0,0,0,0,0,0,0,0,1,220,353,0,20,0,0,20,0,1,0,206,0,2,717,0,0,0,0,58209,0,0,0,0,0,0,0,0,0,0,0,81,20,614,0,0,0,0,0,0,534,0,0,0,2302,0,1,23624,0,778,3262,0,1,0,0,0,0,22,0,0
GHA,0,0,1,0,0,0,0,1399,640,0,5,1378,2563,0,0,5,0,0,0,0,0,1,30,0,0,0,0,0,4940,815,1,0,0,0,3,3,0,0,0,0,27,90,6602,0,618,0,59,25,64,0,0,7095,0,0,476,0,1572,0,704,25838,0,0,0,0,0,0,0,486,0,0,0,0,0,0,0,0,53,0,0,144,0,0,21,6,13541,0,1,308,3,0,0,0,0,0,0,0,4546,63,7,0,0,2,2,0,0,0,0,0,0,0,0,0,3,0,0,0,114,0,0,0,0,0,0,38,18008,0,2997,554,0,124,0,0,3,1,11,0,14,0,0,85,0,0,0,0,139,0,0,0,24,0,0,1,0,0,2,0,7,7,781,0,0,0,8243,0,0,0,0,0,0,64,0,1,2,0,41874,0,0,7,0,0,0,0,2490,11,0
GIN,0,0,88,0,23,1,0,2671,196,0,2,1135,81,6,0,13,3,0,0,3,0,5,61,0,1,0,1,42,2574,508,2,8,0,5,214,9,0,299,0,1,5,83,1566,0,176,7,11,30,49,0,360,5163,1,0,101,0,11613,0,539,10591,0,188,0,0,3029,1043,19,63,0,0,0,0,1,0,1,0,45,1,0,106,0,0,13,87,2163,0,1,11,85,0,0,0,7,1,0,0,164677,48,0,0,0,2,17,2,0,0,1,12,0,24,0,10,4,0,0,0,2020,0,2,0,0,0,28,20,1110,1,3261,420,0,18,0,0,3,0,3,0,68,0,0,2318,2,0,6,14,61,2,0,0,4275,3,0,65021,0,0,1,2,9,10,570,8,0,0,54,0,0,0,0,0,1,84,1,1,47,0,13927,0,0,10,0,1,0,0,240,0,0
GLP,2,0,0,0,123,5,0,370,19,0,7,138,10,0,0,5,16,1,0,0,0,21,0,0,0,0,0,47,687,139,1,0,0,15,130,86,2,1,0,3,6,11,134,0,18,25,7,223,8,0,3,437,0,0,15,0,33,0,0,64,0,1,0,0,0,0,86,25,0,5,17,0,0,0,1,10,19,0,0,31,0,0,5,468,747,0,0,41,0,0,0,0,0,9,0,0,0,0,21,0,0,3,35,3,0,0,0,97,0,1,0,0,1,0,1,0,21,800,17,0,0,0,454,0,0,0,15,22,0,45,0,0,27,0,13,0,95,0,0,40,5,0,32,119,27,5,0,0,0,0,4,0,1,0,0,95,15,2,34,0,0,0,2,0,0,0,0,0,8,122,0,3,0,0,900,0,0,39,0,12,0,0,114,0,0
GMB,0,0,0,0,0,0,0,75,178,0,0,0,0,0,0,6,0,0,0,0,0,0,17,0,0,0,0,1,207,325,1,0,0,0,0,0,0,103,0,0,0,7,717,0,198,0,0,26,6,0,15,8507,0,0,233,0,515,0,0,7834,0,8,0,0,0,140,0,18,0,0,0,0,0,0,0,0,6,0,0,16,0,0,3,0,324,0,0,0,0,0,0,0,0,0,0,0,605,1,0,0,0,0,0,0,0,0,0,0,0,0,0,0,1,0,0,0,31,0,0,0,0,0,0,0,496,0,221,370,0,12,0,0,0,0,0,0,5,0,0,325,0,0,0,0,0,0,0,0,0,0,0,0,0,0,0,0,0,4,1566,0,0,0,0,0,0,0,0,0,0,7,0,0,0,0,1502,0,0,0,0,0,0,0,0,0,0
GNB,0,0,8,0,0,0,0,2,11,0,0,2,0,0,0,2,0,0,0,0,0,0,423,0,0,0,0,14,20,65,0,0,0,0,1,2,0,2037,0,0,0,8,1,0,10,0,0,5,24,0,335,2176,0,0,2,0,6,0,0,8,0,0,0,0,0,0,0,0,0,0,0,0,0,0,0,0,3,0,0,0,0,0,0,1,135,0,0,0,0,0,0,0,0,0,0,0,380,15,0,0,0,0,5,0,0,0,0,0,0,1,0,0,0,0,0,0,556,0,0,0,0,0,0,0,214,0,33,6,0,0,0,0,1,0,0,0,0,0,0,6022,0,0,0,0,1,0,0,0,0,0,0,0,0,0,0,0,1,1,30,0,0,0,0,0,0,0,0,0,0,0,0,0,0,0,15,0,0,0,0,0,0,0,14,0,0
GNQ,0,0,0,0,0,0,0,0,0,0,0,0,0,0,0,0,0,0,0,0,0,0,0,0,0,0,0,0,0,0,0,0,0,0,0,0,0,0,0,0,0,0,0,0,0,0,0,0,0,0,0,0,0,0,0,0,0,0,0,0,0,0,0,0,0,0,0,0,0,0,0,0,0,0,0,0,0,0,0,0,0,0,0,0,0,0,0,0,0,0,0,0,0,0,0,0,0,0,0,0,0,0,0,0,0,0,0,0,0,0,0,0,0,0,0,0,0,0,0,0,0,0,0,0,0,0,0,0,0,0,0,0,0,0,0,0,0,0,0,0,0,0,0,0,0,0,0,0,0,0,0,0,0,0,0,0,0,0,0,0,0,0,0,0,0,0,0,0,0,0,0,0,0,0,0,0,0,0,0,0,0,0,0,0,0
GRC,0,0,6,2,186,0,0,439,309,4,27,317,2,0,0,339,30,0,0,30,2,13,36,4,2,0,13,16,212,778,12,157,0,3,30,24,0,2,3,0,470,388,1728,0,203,4,55,81,93,0,1,1341,9,0,134,1,708,0,1,2343,0,4,0,1,0,0,21,0,0,4,0,2,6,1,40,2,362,19,0,109,4,1,25,2659,7058,5,3,89,581,0,2,0,196,5,0,1,8,33,1,0,0,36,61,28,0,0,11,21,0,405,8,0,85,0,5,0,4,0,5,0,0,0,46,0,0,0,248,251,0,122,0,0,11,0,24,0,633,0,8,120,4,0,57,23,750,7,0,0,0,86,0,0,1,0,0,2,160,50,338,1,6,3,1,4,0,2,0,2,6,2972,12,19,441,5,124,12,1,12,5,1,0,0,300,0,0
GRD,115,0,0,0,0,0,0,24,5,0,0,0,0,0,0,0,0,8,0,0,0,1,16,287,0,0,0,0,2518,13,1,0,0,0,0,3,0,0,1,9,0,5,0,0,3,2,0,8,0,0,0,15,0,0,0,0,3,0,0,13,0,0,0,0,0,0,0,0,0,0,0,65,0,0,0,0,3,0,0,5,0,0,0,0,19,75,0,0,0,0,0,0,0,0,0,0,0,0,59,0,0,0,0,0,0,0,0,0,0,1,0,0,0,0,0,0,0,0,0,0,0,0,0,0,0,1,16,0,0,4,0,0,11,1,0,0,5,0,0,1,0,0,0,0,13,0,0,0,0,0,0,0,0,0,0,0,1,0,16,0,0,0,0,0,0,0,0,16,0,0,0,0,0,0,2110,0,0,12,0,0,0,0,0,0,0
GTM,0,0,0,0,0,0,0,88,84,0,0,0,0,0,0,3,0,7,0,0,2576,66,73,0,0,0,0,0,3129,296,18,0,0,0,0,161,0,0,135,0,0,16,131,0,81,52,0,304,3,0,0,2813,0,0,31,0,974,0,0,0,0,0,0,0,0,0,0,0,0,0,0,0,0,252,0,0,8,0,0,23,0,0,10,10,812,64,0,0,0,0,0,0,0,0,0,0,0,0,2,0,0,0,2,0,0,0,0,0,0,4261,0,0,1,0,0,0,0,0,0,0,0,0,0,0,0,5,196,124,0,8,0,0,307,0,0,0,5,0,0,7,7,0,0,0,0,0,0,0,0,0,0,0,1201,0,0,0,1,1,185,0,0,0,0,0,0,0,0,0,0,7,0,0,0,0,196146,0,0,57,0,0,0,0,16,0,0
GUF,0,0,0,0,65,4,0,208,9,0,4,68,6,0,0,3,8,0,0,0,0,15,79,14,0,0,0,27,391,66,2,0,0,9,77,37,2,1,1,0,3,6,65,0,9,3,4,103,5,0,2,165,0,0,8,0,249,0,0,84,0,1,0,93,0,0,51,1,0,4,0,1,3,0,1,2,10,0,0,15,0,0,2,249,400,1,0,21,0,0,0,0,1,5,0,0,0,0,94,0,0,1,17,2,1,0,0,56,0,1,0,0,0,0,1,0,13,132,10,0,0,0,226,0,0,0,7,11,0,27,0,0,13,0,6,0,49,0,0,21,4,0,17,68,15,3,0,0,0,1,2,0,1,0,0,202,8,1,18,0,0,0,1,170,0,0,0,0,4,51,0,2,0,0,343,0,0,21,0,6,0,0,75,0,0
GUY,60,0,0,0,0,0,0,43,3,0,0,0,0,0,0,2,0,110,0,0,0,1,62,723,0,0,0,0,7603,20,0,0,0,0,0,5,0,0,0,0,0,5,0,0,10,1,0,12,0,0,0,0,0,0,7,0,2606,0,0,21378,0,0,0,9,0,0,0,8,15,1,0,0,0,0,0,0,1,0,0,2,0,0,7,0,27,0,0,0,0,0,0,0,0,0,0,0,0,0,433,0,0,0,0,0,0,0,0,0,0,0,0,0,1,0,0,0,0,0,0,0,0,0,0,0,0,1,37,14,0,17,0,0,0,0,0,0,15,0,0,0,1,0,0,0,0,0,0,0,0,0,0,0,0,0,0,2281,1,1,24,0,0,0,0,0,0,0,0,342,0,2,0,0,0,0,5744,0,104,1306,0,0,0,0,3,0,0
HKG,0,0,0,0,2,0,0,17784,92,0,0,6,0,0,0,2,0,0,0,0,10,11,1,0,2051,0,1,1,31655,33,7,1862,0,0,1,13,0,0,337,0,4,23,29,0,126,0,2,77,4,0,0,18,0,0,5,0,37,0,0,112434,0,0,0,0,0,0,0,33,0,0,0,0,0,0,1,0,10,13,0,3,0,0,0,38,166,0,0,24,12,0,0,0,209,0,0,0,0,0,0,0,0,1,1,1,4711,0,0,1,0,1,0,0,1,0,2,0,0,0,20,0,0,0,7,0,0,0,5,359,0,20,0,0,1,0,138,0,20,0,100,47,1,0,0,1,50,1,0,0,0,3509,0,0,1,0,0,0,3,2,163,0,0,0,0,0,0,0,0,0,0,64,2,1,2,0,21007,0,0,111,245,0,0,0,332,0,0
HND,0,0,0,0,0,0,0,37,18,0,0,0,0,0,0,1,0,7,0,0,698,80,0,0,0,0,0,0,739,142,2,0,0,0,0,92,0,0,3,0,1,11,80,0,31,8,0,303,0,0,0,13105,0,0,17,0,48,0,0,2,0,0,0,0,0,0,0,3,0,871,0,0,0,0,0,0,5,0,0,1,0,0,14,15,753,19,0,0,15,0,0,0,0,0,0,0,0,0,0,0,0,0,0,0,0,0,0,0,0,2827,0,0,1,0,0,0,0,0,0,0,0,0,0,0,0,0,75,29,0,6,0,0,57,0,0,0,5,0,0,0,5,0,0,0,2,0,0,0,0,0,0,0,145,0,0,0,2,2,94,0,0,0,0,0,0,0,0,0,0,5,0,0,1,0,83578,1,0,35,0,0,0,0,1,0,0
HRV,0,0,0,529,0,0,0,1160,61,0,0,63,0,0,0,11,0,0,0,0,0,3,39,0,0,0,0,0,452,5,2,0,0,0,0,2,0,0,0,0,3,379,9957,0,45,0,0,7,1,0,0,112,0,0,10,0,131,0,0,42,0,0,0,0,0,0,0,35,0,0,0,0,0,0,0,0,189,0,0,13,0,0,15,0,388,0,0,0,0,0,0,0,0,0,0,0,0,0,0,0,0,1,15,0,0,0,0,0,0,0,34,0,4,0,0,0,0,0,0,0,0,0,0,0,0,0,13,194,0,14,0,0,2,0,0,0,54,0,0,3,0,0,0,0,19,0,0,0,0,0,0,0,0,0,0,0,91,3209,253,0,0,0,0,0,0,0,0,0,0,46,0,0,0,0,0,0,0,7,0,0,0,0,9,0,0
HTI,346,0,0,0,0,0,0,20,19,0,0,86,0,0,0,3,0,10405,0,0,8,4,23,0,0,0,0,0,17952,566,8,0,0,0,0,55,0,0,8,52,2,1,125,0,42,35790,0,98,0,0,0,149,0,0,8,0,36493,0,0,0,0,0,0,3286,0,0,0,0,0,2,2088,0,0,4,0,0,1,0,0,1,0,0,5,1,402,0,0,0,0,0,0,0,0,0,0,0,0,0,0,0,0,0,1,0,0,0,0,0,0,335,0,0,1,0,0,0,1,177,0,0,0,0,0,0,0,0,506,18,0,4,0,0,78,2,0,0,1,0,0,0,0,0,0,0,16,0,0,0,0,0,0,0,0,0,0,284,0,2,46,0,0,0,0,0,0,0,0,0,0,2,0,0,0,0,133517,0,0,425,0,0,0,0,1,0,0
HUN,0,0,0,0,0,0,0,0,0,0,0,21,0,0,0,4,0,0,0,0,0,0,0,0,0,0,0,0,0,0,0,0,0,0,0,0,0,0,0,0,0,0,0,0,3,0,0,0,0,0,0,666,0,0,1,0,0,0,0,42,0,0,0,0,0,0,0,0,0,0,0,0,0,0,0,0,0,0,0,0,0,0,0,0,1226,0,0,0,0,0,0,0,0,0,0,0,0,0,0,0,0,0,1,0,0,0,0,0,0,0,0,0,0,0,0,0,0,0,0,0,0,0,0,0,0,0,0,3,0,0,0,0,0,0,0,0,0,0,0,13,0,0,0,0,0,0,0,0,0,0,0,0,0,0,0,0,12,0,0,0,0,0,0,0,0,0,0,0,0,0,0,0,0,0,0,0,0,0,0,0,0,0,0,0,0
IDN,3,0,0,0,200422,87,0,49138,771,2,0,1029,0,0,42361,35,23072,18,0,0,6,23,761,0,0,1,24,1,11736,2272,92,31387,0,0,7,70,0,1,9,7,125,250,8682,0,891,24,2342,113,3180,0,0,2828,1,0,355,0,3676,0,1,950,1,1,0,0,0,0,0,185,0,22,0,6,67064,1,0,2,261,0,235,125,0,0,87,308,2418,0,4032,15601,35,0,1,15,14946,32699,11,605,0,5185,0,0,0,3,12,5,683,212,2,30,0,141,0,0,19,65,20,0,6,0,192,0,346048,0,719,0,0,2,62725,1103,0,4320,13123,0,72,4,494,6259,143,0,1283,605,3,11,46878,0,359,1,115241,0,0,100871,557,0,1,0,0,23,32,26,1746,0,0,0,0,1156,0,1,1,0,5,247,0,5,0,0,65117,8,0,84,4552,0,0,0,952,0,0
IND,0,0,2,0,1149965,2,0,182645,4675,3,1,4239,0,0,0,100,149633,194,0,15,80,84,210,233,2940,9867,2546,3,188765,8699,139,5167,0,1,8,69,0,0,11,4,1352,1099,21333,0,4284,87,635,203,683,19,0,19515,23,0,2701,664,21789,0,0,250403,0,270,0,47,0,0,4,4037,0,8,0,1,3809,3,2,0,647,1904,0,1945,27,14,160,9101,71532,449,1957,7616,551,0,0,0,2344,83371,1,335,636,726,46,1,0,63,68,70,15,0,8,1931,0,349,0,0,87,5767,54,334,1,0,3193,674,11213,15,29,0,0,4,6968,4310,92221,22860,85277,0,1048,0,3661,48,803,0,245,2638,42,8,297570,12,3280,268,154761,0,0,54915,44,10,3,0,0,1,93,64,8715,0,109,0,0,2720,94,0,62,92,0,525,4008,2169,115,0,701242,67,0,71,525,1,0,0,19535,386,0
IRL,0,0,8,1,1,0,0,6,3,4,35,107,0,0,0,13,16,0,1,12,0,0,1,0,0,0,0,0,21,20,0,0,0,0,2,0,0,0,0,0,2,512,451,0,23,0,4,1,0,0,0,1081,5,0,5,0,225,0,0,1039,0,0,0,0,0,0,0,8,0,0,0,0,0,0,1,0,7,0,0,0,0,0,4,47,703,0,16,0,197,0,0,0,0,0,0,4,49,0,0,0,0,1,4,1,0,0,1,0,0,0,0,0,0,0,0,0,0,0,0,0,0,0,0,0,0,0,52,52,0,0,0,0,0,0,0,0,5,0,0,65,0,0,10,0,107,10,0,0,0,0,0,0,0,0,0,0,35,8,50,0,26,0,0,0,0,0,0,0,0,4,10,4,132,0,17,3,0,0,0,0,0,0,35,0,0
IRN,0,0,0,0,0,0,1423,14009,4544,0,0,2698,0,0,0,307,0,0,0,0,0,17,428,0,0,0,0,0,30417,3341,14,0,0,0,0,51,0,0,12,0,475,429,47777,0,5112,16,2019,157,47,0,0,1472,0,0,3613,0,3947,0,0,21557,0,0,0,0,0,0,0,1915,0,4,0,0,0,1,0,0,1123,0,0,135,0,161,29,21623,4375,0,88349,125,0,0,0,0,0,0,0,23587,0,37,0,0,0,16,62,25,0,0,0,0,0,62,0,0,5,0,0,0,0,0,0,0,6,0,0,0,0,0,6692,9360,0,1002,0,0,6,4,3,0,225,0,0,55,7,0,0,0,731,0,0,0,0,0,0,0,3,0,0,0,36,29,40018,0,150853,0,0,0,120,0,0,0,0,6762,0,0,0,0,68345,0,0,9,0,0,0,0,161,0,0
IRQ,0,0,0,0,534,0,0,704,6,0,0,145,0,0,0,51,83,0,0,1,0,1,34,0,0,0,0,0,48,131,0,0,0,0,1,0,0,0,0,0,12,50,2164,0,486,0,1058,4,85,12,0,10,0,0,386,0,71,0,0,17,0,0,0,0,0,0,0,6,0,0,0,0,0,0,0,0,33,0,0,0,0,0,3,24,144,0,47176,0,42,1,0,0,0,2,0,12114,0,1,0,0,0,0,0,1,0,0,0,0,0,0,0,0,0,0,0,0,1,0,0,0,2,0,0,0,0,0,4,1169,0,0,0,0,0,0,1,0,20,0,0,0,0,0,154,0,17,0,7,0,0,0,0,0,0,0,0,0,3,0,5572,0,80517,0,0,0,0,0,0,0,0,106,0,1,21,0,89,0,0,2,0,0,0,1,5,0,0
ISL,0,0,0,5,0,0,0,0,17,0,0,2,0,0,0,35,0,0,0,2,0,0,51,0,0,0,0,0,6,31,0,0,0,0,0,0,0,0,0,0,3,16,0,0,679,0,0,2,0,0,0,183,1,0,16,0,4,0,0,3,0,0,0,0,0,0,0,2,0,0,0,0,0,0,3,0,21,0,0,0,0,0,0,0,61,0,0,0,46,0,0,0,0,0,0,0,0,0,0,0,0,13,10,12,0,0,0,0,0,0,2,0,0,0,0,0,0,0,0,0,0,0,0,0,0,0,2,347,0,3,0,0,0,0,0,0,175,0,0,1,0,0,0,0,1,0,0,0,0,0,0,0,0,0,0,0,9,3,345,0,0,0,0,0,0,0,0,0,0,14,0,0,31,0,1,0,0,0,0,0,0,0,0,0,0
ISR,0,0,0,6,106,0,0,8,73,302,0,1177,0,0,0,608,21,0,0,421,0,1,28,0,0,0,0,0,149,453,0,14,0,0,24,2,0,8,0,0,875,1682,5446,0,373,0,39,18,23,0,0,16929,112,0,112,0,2714,0,0,6218,0,0,0,0,0,0,0,761,0,0,0,0,0,0,0,0,149,0,0,329,13,0,154,0,22331,0,240,0,8144,0,6,0,0,0,0,33,0,0,0,0,0,79,77,33,0,0,58,0,0,0,1,0,3,0,0,0,3,0,0,0,0,0,0,0,0,0,630,1192,0,6,0,0,1,0,5,0,95,0,2,826,0,0,39,0,3689,0,0,0,0,0,0,0,0,0,0,0,131,24,651,0,200,0,0,0,0,28,0,0,0,215,0,2,6269,0,167,137,0,0,0,0,0,0,64,0,0
ITA,0,0,13,1135,0,0,0,373,1512,0,77,30,0,0,0,35,0,0,964,0,0,1,10,0,0,0,1,1,132,393,0,0,0,0,4,0,0,0,0,0,13,482,2675,0,30,0,3,2,1,0,0,109,0,0,23,0,648,0,0,452,0,0,0,0,0,0,0,133,0,0,0,0,0,0,1396,0,192,0,0,3,0,0,8,0,0,0,0,0,0,0,0,0,0,0,0,0,0,0,0,0,0,0,55,1,0,0,0,0,0,0,228,0,8,0,0,0,0,0,0,0,0,0,0,0,0,0,325,140,0,3,0,0,0,0,0,0,91,0,0,1,0,0,0,0,14,1,0,0,0,0,0,0,0,0,0,0,64,2029,426,0,0,0,0,0,0,0,0,0,0,750,14,0,0,0,4,0,0,2,0,0,0,0,39,0,0
JAM,201,0,0,0,0,0,0,146,48,0,0,0,0,0,0,3,0,720,0,0,20,1,44,228,0,0,0,0,18671,215,2,0,0,0,0,12,0,0,12,0,4,4,260,0,35,49,0,27,0,0,0,0,0,0,24,0,336,0,0,6619,0,0,0,0,0,0,0,0,14,1,0,70,0,1,0,0,12,0,0,23,0,0,7,0,133,0,0,0,0,0,0,0,0,0,0,0,0,0,52,0,0,0,0,1,0,0,0,0,0,16,0,0,2,0,0,0,0,0,0,0,0,0,0,0,0,0,85,62,0,47,0,0,0,0,0,0,1,0,0,4,0,0,0,0,0,0,0,0,0,0,0,0,1,0,0,0,7,5,91,0,0,0,0,0,0,0,0,0,0,9,0,0,0,0,76052,0,32,0,0,0,0,0,34,0,0
JOR,0,0,0,3,50250,1,0,1805,305,6,2,32,0,0,0,113,7128,0,1,6,0,10,626,0,1,0,1,1,3109,305,16,2,0,0,2,60,0,0,1,1,211,233,3147,0,383,8,2341,60,2459,0,0,741,1,0,133,0,561,0,0,99,0,0,0,0,0,0,1,27,0,0,0,0,11,5,2,0,275,2072,0,42,1,246,5,1227,1213,0,0,7,193,0,1,0,6,1871,0,0,2,2162,0,0,0,4,4,5,2,132,1,1,0,2,7,0,8,0,0,0,0,0,1,0,0,0,1,0,0,4,225,190,0,154,0,0,10,0,69,0,91,0,0,29,5,0,13785,0,364,1,1224,0,0,6,0,0,2,0,0,1,50,33,1578,0,0,0,0,5,0,1,0,0,0,568,1,1,68,0,18567,6,0,20,0,0,0,0,42,0,0
JPN,0,0,0,0,0,65,0,18161,721,0,0,1400,0,0,0,70,0,0,0,9,0,466,1,0,35304,15,1,0,6867,1933,74,1832,0,0,1,208,0,0,25,1,30,1117,84,0,491,196,94,407,97,0,0,1608,3,0,562,0,3688,0,3,1201,0,11,0,0,0,0,0,326,0,25,0,0,1819,12,0,64,576,1769,0,131,0,0,46,7,2252,0,0,0,440,0,0,0,2393,0,0,0,0,68,6,0,0,22,59,10,0,0,0,16,0,40,0,0,7,0,149,0,0,0,10,0,1418,0,0,0,0,0,700,400,0,2185,0,0,0,0,3581,0,344,0,110,66,236,2,0,0,502,0,0,0,0,0,0,0,10,0,0,0,68,24,940,0,0,0,0,0,0,0,16,0,0,882,0,74,104,0,3128,0,0,20,133,0,0,0,299,5,0
KAZ,0,0,0,4,0,0,0,211,1312,1142,0,903,0,0,0,450,0,0,0,4602,0,6,9,0,0,0,7,1,837,2139,0,0,0,0,6,5,0,0,0,0,127,2658,99202,0,133,0,65,35,24,0,0,1180,243,0,156,0,1225,0,0,8,0,0,0,0,0,0,0,1062,0,0,0,0,0,0,6,0,488,0,0,75,0,0,21,3798,4479,0,0,0,0,0,0,0,0,0,0,0,0,0,0,0,0,1119,27,466,0,0,2410,2,0,3,1,0,3,0,6,0,0,0,1,0,0,0,0,0,0,0,46,568,0,64,0,0,1,0,33,0,2115,0,0,341,2,0,0,0,307495,4,0,0,0,0,0,0,0,0,0,0,126,67,757,0,0,0,0,0,0,0,0,0,0,4139,15,3,21154,0,3347,0,0,0,1,0,0,0,18,0,0
KEN,0,0,1,0,270,0,0,5824,266,0,7834,1,0,0,0,8,31,4,0,0,0,3,35,0,0,0,151,1,5862,1149,2,0,0,0,5,5,18,0,1,0,32,35,2935,0,491,15,7,17,41,23,0,542,0,11,561,0,612,0,0,12539,0,4,0,0,0,0,0,274,0,0,0,0,0,0,0,0,43,0,0,131,0,2,28,0,1442,0,1,0,0,0,0,0,0,22,0,0,0,37,0,0,0,1,1,3,0,2,0,0,0,25,0,0,9,0,0,0,0,0,0,0,0,0,0,0,0,0,710,688,0,470,0,0,3,0,0,0,38,0,0,0,0,0,63,0,212,22411,106,0,0,0,0,0,0,0,1,0,11,8,1090,4,1,210,0,0,0,0,0,0,0,82,17559,20049,0,0,38282,0,0,1,0,0,0,13,6302,12,0
KGZ,0,0,0,1,0,0,0,62,85,134,0,463,0,0,0,74,0,0,0,93,0,1,3,0,0,0,0,0,149,249,0,5,0,0,2,0,0,1,0,0,15,732,4850,0,40,0,3,5,1,0,0,438,23,0,32,0,272,0,0,158,0,0,0,0,0,0,0,46,0,0,0,0,0,0,0,0,72,0,0,13,15,0,7,557,1208,0,0,0,26957,0,0,0,430,0,0,0,0,0,0,0,0,24,4,5,0,0,312,0,0,0,0,0,0,0,0,0,0,0,0,0,0,0,0,0,0,0,43,133,0,11,0,0,0,0,2,0,102,0,0,107,0,0,0,0,93854,0,0,0,0,0,0,0,0,0,0,0,22,7,268,0,0,0,0,0,0,1,0,0,0,297,1,0,1391,0,32,17,0,0,0,0,0,0,15,0,0
KHM,0,0,0,0,119,1,0,8324,300,2,0,67,0,0,0,19,16,0,0,4,0,2,26,0,107,0,1,1,4970,907,2,325,0,0,3,3,0,0,1,0,6,1571,2252,0,283,17,10,17,13,0,0,65,0,0,294,0,6341,0,0,72,0,0,0,0,0,0,2,6,0,0,0,0,241,0,0,0,94,194,0,15,0,0,26,26,811,0,0,1045,59,0,1,0,6743,5,224,0,0,11,0,0,0,1,3,1,20,0,2,6,0,11,0,0,1,2,4,0,0,0,3,0,3357,0,167,0,0,0,498,477,0,1527,1,0,3,0,13,0,80,0,21,8,0,0,32,7,75,0,35,0,0,304,9,0,0,0,0,1,37,5,811,0,0,0,0,189393,0,1,0,0,0,18,0,0,3,0,22152,9,0,1,6,1,0,0,27,0,0
KOR,0,0,0,0,3,255,0,41293,10,43,0,495,0,0,0,38,0,0,0,10,0,301,4832,0,3681,5,0,0,39143,1271,139,39735,0,0,2,110,0,0,24,1,5,1155,8338,0,2054,96,77,594,74,0,0,906,2,0,216,0,4139,0,15,6099,0,0,0,0,0,0,1,214,0,355,0,0,561,6,0,0,576,4962,0,49,0,0,12,11,801,0,0,27986,5012,0,0,0,0,0,0,0,0,45,0,0,0,10,12,24,0,0,2,1,0,1945,0,0,2,0,819,0,42,0,0,0,165,0,11,0,0,8,1463,2229,0,10556,0,0,67,0,2492,8,99,10,2628,50,509,0,1,2,2332,0,0,0,0,0,0,0,11,0,0,0,235,11,2945,0,0,0,0,0,0,11,0,0,0,259,0,83,109,0,176430,58,0,52,30,0,0,0,335,0,0
KWT,1,0,0,1,19741,0,0,1458,240,11,0,24,0,0,0,60,3563,0,0,0,0,3,11,2,3,0,9,1,2281,279,10,14,0,0,2,10,0,0,0,0,185,26,662,0,371,1,1146,16,848,0,0,193,0,0,68,1,538,0,0,460,3,2,0,0,0,0,0,43,0,0,0,0,3,0,0,0,73,10,0,49,17,62,2,271,756,2,536,15,577,13,7,0,29,0,0,84,0,323,0,0,0,7,1,4,0,0,1,0,0,9,47,0,7,0,0,0,15,0,1,0,2,0,0,0,6,1,62,195,0,270,0,0,2,0,38,0,143,0,1,10,1,0,6114,0,30,0,34,0,0,6,0,0,0,0,0,4,30,6,622,0,1,0,0,3,0,8,0,0,0,161,2,4,0,0,2156,42,0,16,1,0,0,21,362,0,0
LAO,0,0,0,0,0,0,0,12,1,0,0,0,0,0,0,0,0,0,0,0,0,0,0,0,0,0,0,0,2,3,0,0,0,0,0,0,0,0,0,0,0,1,1,0,1,0,0,0,0,0,0,0,0,0,1,0,0,0,0,0,0,0,0,0,0,0,0,0,0,0,0,0,0,0,0,0,1,0,0,0,0,0,0,0,2,0,0,0,0,0,0,0,0,0,0,0,0,0,0,0,0,0,0,0,0,0,0,0,0,0,0,0,0,0,0,0,0,0,0,0,0,0,8,0,0,0,1,1,0,0,0,0,0,0,0,0,0,0,0,0,0,0,0,0,4,0,0,0,0,0,0,0,0,0,0,0,0,0,5,0,0,0,0,77679,0,0,0,0,0,0,0,0,0,0,0,0,0,0,229,0,0,0,1,0,0
LBN,0,0,0,3,7844,2,33,7943,450,1,0,589,0,0,0,303,1225,0,0,3,3,117,5,0,1,0,2,152,10310,1316,7,5,0,0,295,246,0,0,2,0,1008,217,17680,0,1705,42,933,222,836,0,0,569,1,0,200,0,7028,0,35,4400,0,122,0,3,0,0,0,1162,0,3,0,0,26,0,0,0,179,3,0,23,1,3,11,3292,2458,0,1169,23,87,0,0,0,21,14,0,0,0,20,2,0,0,64,7,21,5,4,1,1,0,8,14,0,11,0,0,0,43,0,3,0,1,0,1,0,9,0,421,485,0,55,1,0,6,0,0,0,190,0,1,25,54,0,2208,0,233,0,78,0,0,14,0,0,1,0,0,1,40,7,5154,0,0,2,44,5,0,0,0,0,0,449,0,1,37,0,1603,2,0,655,1,0,0,0,150,0,0
LBR,1,0,0,0,34,0,0,491,43,0,0,59,36,0,0,5,5,0,0,0,1,7,26,1,0,0,5,5,417,77,4,13,0,0,12,13,0,37,1,0,9,18,279,0,44,3,15,29,11,0,8,262,0,0,28,0,186,0,2,1595,0,30,0,0,12,8,4,17,0,1,0,0,0,0,1,0,19,3,0,24,0,0,4,88,305,1,0,7,0,0,0,0,18,0,0,0,0,8,0,0,0,2,5,2,0,0,1,2,0,90,0,0,2,0,0,0,13,0,0,0,0,0,3,0,140,0,347,67,0,32,0,0,3,0,3,0,33,0,1,182,3,0,9,2,19,1,0,0,82,8,0,7014,0,0,0,4,6,3,106,1,0,0,11,0,0,0,0,1,0,72,2,2,0,1,1377,0,0,20,1,0,0,0,129,0,0
LBY,0,0,1,5,355,0,0,351,227,3,85,124,0,0,0,172,250,0,4,29,0,3,36,0,0,0,1,3,408,501,3,2,0,1,9,2,0,1,1,0,83,275,1903,0,220,4,6960,15,1902,0,0,549,8,0,165,0,2076,0,0,4031,0,0,0,0,0,0,4,387,0,0,0,0,0,0,4,0,188,1,0,103,1,1,6,4178,19856,0,4803,1,501,1,0,0,1,1,0,1275,0,0,0,0,0,4,11,5,0,167,3,10,0,3,10,0,242,0,0,0,60,0,1,0,0,0,8,3,0,0,200,604,0,10,0,0,3,0,3,0,137,0,0,39,0,0,462,4,305,21,0,0,0,0,0,0,0,0,0,1,40,23,2103,0,6432,0,0,0,0,0,0,0,333,1371,21,26,417,0,229,2,0,18,324,0,0,0,52,0,0
LCA,0,0,0,0,0,0,0,5,1,0,0,0,0,0,0,0,0,0,0,0,0,0,38,584,0,0,0,0,295,0,0,0,0,0,0,1,0,0,0,0,0,1,0,0,2,0,0,3,0,0,0,0,0,0,1,0,1481,0,0,0,0,0,0,0,0,0,0,0,0,0,0,0,0,0,0,0,0,0,0,0,0,0,0,0,3,8,0,0,0,0,0,0,0,0,0,0,0,0,0,0,0,0,0,0,0,0,0,0,0,0,0,0,0,0,0,0,0,0,0,0,0,0,0,0,0,0,2,2,0,1,0,0,1,0,0,0,0,0,0,0,0,0,0,0,0,0,0,0,0,0,0,0,0,0,0,0,0,0,1,0,0,0,0,0,0,0,0,0,0,1,0,0,0,0,494,0,15,0,0,0,0,0,0,0,0
LKA,0,0,0,0,29215,0,0,30492,283,0,0,4,0,0,0,6,4351,10,0,0,0,3,23,0,825,6,439,1,31523,8645,1,1276,0,0,3,3,0,0,0,0,3414,81,8541,0,1949,0,1,9,42,0,0,28,0,0,362,0,9959,0,0,41777,0,7,0,0,0,0,1,857,0,0,0,0,124,0,0,0,29,2,0,75,0,0,76,22,24630,0,274,2521,4,0,0,0,7496,3,0,1,0,38,0,0,0,8,5,29,1,0,0,5,0,2,0,0,6,0,0,0,0,0,2,0,1680,0,11,0,0,0,2001,2973,42,2150,3,0,1,0,16,27,74,0,75,13,0,0,8383,6,159,0,1284,0,0,2883,0,0,0,0,0,0,3,8,2087,8,3,0,0,1,0,0,0,0,0,42,1,1,1,0,15766,0,0,1,93,0,0,0,363,0,0
LSO,0,0,0,0,8,0,0,5,0,0,5,0,0,0,0,0,1,0,0,0,0,1,0,0,0,0,1,0,6,0,0,0,0,0,0,0,0,0,0,0,0,0,1,0,0,0,0,0,0,0,0,3,0,0,0,0,9,0,0,7,0,0,0,0,0,0,0,0,0,0,0,0,1,0,0,0,0,0,0,0,0,0,0,0,6,0,0,0,0,0,0,0,0,1,0,0,0,0,0,0,0,0,0,0,0,0,0,0,0,0,0,0,0,0,0,0,0,0,0,0,0,0,0,0,0,0,1,0,0,1,0,0,0,0,0,0,0,0,0,0,0,0,2,0,1,10,3,0,0,1,0,0,0,0,0,0,1,0,0,2,0,0,0,0,0,0,0,0,0,0,14,1,0,0,20,0,0,0,0,0,0,0,20143,0,0
LTU,0,0,0,0,0,0,0,0,56,349,0,455,0,0,0,50,0,0,0,1602,0,1,136,0,0,0,0,0,0,189,0,0,0,0,0,3,0,0,0,0,9,298,6139,0,1918,0,1,4,0,0,0,7031,181,0,241,0,264,0,0,5661,0,0,0,0,0,0,0,77,0,0,0,0,0,0,0,0,36,0,0,3285,0,0,632,0,1807,0,0,0,487,0,0,0,0,0,0,0,0,0,0,0,0,0,206,654,0,0,361,0,0,0,0,0,2,0,0,0,0,0,0,0,0,0,0,0,0,0,620,4539,0,0,0,0,0,0,0,0,48,0,0,78,0,0,0,0,3908,0,0,0,0,0,0,0,0,0,0,0,35,11,2774,0,0,0,0,0,0,103,0,0,0,32,0,0,3185,0,0,532,0,0,0,0,0,0,17,0,0
LUX,0,0,0,0,0,0,0,0,0,0,6,2,0,0,0,1,0,0,0,0,0,0,1,0,0,0,0,0,0,1,0,0,0,0,0,0,0,0,0,0,0,3,2314,0,19,0,0,1,0,0,0,0,0,0,6,0,1,0,0,82,0,0,0,0,0,0,0,91,0,0,0,0,0,0,0,0,7,0,0,0,0,0,2,1,604,0,0,0,1,0,0,0,0,0,0,0,0,0,0,0,0,2,0,3,0,0,0,0,0,0,0,0,0,0,0,0,0,0,0,0,0,0,0,0,0,0,0,0,0,0,0,0,0,0,0,0,33,0,0,0,0,0,0,0,0,1,0,0,0,0,0,0,0,0,0,0,5,1,11,0,0,0,0,0,0,0,0,0,0,0,0,2,1,0,0,0,0,0,0,0,0,0,0,0,0
LVA,0,0,0,2,0,0,0,0,9,23,0,201,0,0,0,193,0,0,0,929,0,0,1,0,0,0,0,0,1,146,0,6,0,0,7,1,0,3,0,0,26,861,71,0,236,0,10,5,0,0,0,555,455,0,167,0,273,0,0,186,0,0,0,0,0,0,0,6,0,0,0,0,0,0,0,0,41,0,0,161,1,0,24,0,896,0,0,0,3215,0,0,0,0,0,0,0,0,0,0,0,0,472,27,0,0,0,1,0,0,0,0,0,1,0,0,0,0,0,0,0,0,0,0,0,0,0,198,546,0,2,0,0,0,0,0,0,18,0,1,28,0,0,0,0,1090,0,0,0,0,0,0,0,0,0,0,0,29,8,696,0,0,0,0,0,0,0,0,0,0,26,0,0,5780,0,0,0,0,0,0,0,0,0,8,0,0
MAC,0,0,13,0,0,0,0,351,3,0,0,15,0,0,0,0,0,0,0,0,0,0,0,0,0,0,0,0,114,96,0,3476,0,0,1,4,0,0,0,0,0,0,5,0,1,0,0,5,0,0,0,90,0,0,1,0,0,0,0,54,0,0,0,0,0,0,0,0,0,0,0,0,1367,0,0,0,0,0,0,1,0,0,1,0,3,0,0,0,0,0,0,0,0,0,0,0,0,0,0,0,0,0,37,0,0,0,0,0,0,0,0,0,0,0,0,0,0,0,0,0,0,0,0,0,0,0,5,10,0,0,0,0,1,0,0,0,0,0,0,0,0,0,0,0,1,0,0,0,0,3701,0,0,0,0,0,0,0,0,2,0,0,0,0,4,0,0,0,0,0,0,0,0,0,0,558,0,0,2,0,0,0,0,44,0,0
MAR,0,0,0,0,2148,0,0,287,389,0,0,7400,1,0,0,45,330,0,0,0,0,2,258,0,0,0,0,3,11246,4630,3,0,0,1,6,18,0,0,1,0,19,162,23272,0,961,1,461,33,368,0,1,265763,0,0,672,0,172019,0,10,3132,0,0,0,0,0,0,5,440,0,0,0,0,0,0,0,0,79,0,0,42,0,0,63,45918,97628,0,22,1,0,0,0,0,0,0,0,6,0,0,0,0,0,2,47,7,0,0,0,5,0,21,0,0,27,0,0,0,150,0,1,0,0,0,113,0,0,0,15923,1354,0,26,0,0,4,0,0,0,215,0,0,503,0,0,639,5,291,0,0,0,0,0,5,0,0,0,0,1,24,5,2472,0,36,0,0,0,0,0,0,0,1263,179,0,0,0,0,13310,0,0,50,0,0,0,0,302,0,0
MDA,0,0,0,4,0,0,0,55,107,260,0,128,0,0,0,1090,0,0,0,970,0,1,0,0,0,0,0,0,1145,437,0,5,0,0,7,1,0,3,0,0,157,6289,1870,0,128,0,10,9,3,0,0,7150,129,0,47,0,2207,0,0,139,0,0,0,0,0,0,0,370,0,0,0,0,0,0,0,0,101,0,0,13,0,0,9,0,50883,0,0,0,3442,0,0,0,0,0,0,0,0,0,0,0,0,201,4,205,0,0,0,0,0,0,1,0,4,0,0,0,0,0,0,0,0,0,0,0,0,0,126,279,0,11,0,0,0,0,0,0,245,0,1,6706,0,0,0,0,47409,0,0,0,0,0,0,0,0,0,0,0,62,116,273,0,0,0,0,0,0,1,0,0,0,366,0,1,26935,0,2788,0,0,0,0,0,0,0,6,0,0
MDG,0,0,0,0,0,0,0,0,0,0,0,0,0,0,0,0,0,0,0,0,0,0,7,0,0,0,0,0,0,13,0,0,0,0,0,1,0,0,0,0,0,8,0,0,5,0,0,2,0,0,0,0,0,0,2,0,13016,0,0,0,0,0,0,0,0,0,0,0,0,0,0,0,0,0,0,0,3,0,0,0,0,0,1,0,48,0,0,0,9,0,0,0,0,0,0,0,0,0,0,0,0,0,0,0,0,0,0,0,0,0,0,0,0,0,0,0,0,0,0,0,0,0,0,0,0,0,0,0,0,0,0,0,0,0,0,0,1,0,0,0,0,0,0,0,0,0,0,0,0,0,0,0,0,0,0,0,2,1,0,0,0,0,0,0,0,0,0,0,0,0,0,0,0,0,0,0,0,0,0,0,0,0,19,0,0
MDV,0,0,0,0,1713,0,0,1286,32,0,0,8,0,0,0,4,232,0,0,0,0,1,11,0,31,5,14,1,768,236,1,28,0,0,2,3,0,0,1,0,63,10,189,0,48,0,2,7,66,0,0,59,0,0,14,1,212,0,0,993,0,1,0,0,0,0,1,81,0,0,0,0,7,0,0,0,8,7,116,9,0,0,2,30,880,1,7,48,0,0,0,0,118,82,0,0,1,2,0,0,0,1,1,1,0,0,0,8,0,1,0,0,1,6,0,1,0,0,9,1,39,0,6,0,0,1,52,65,35,181,82,0,2,0,10,0,15,0,2,6,0,0,463,4,51,1,201,0,0,140,0,0,0,0,0,0,2,1,64,0,0,0,0,0,0,0,0,0,0,58,9,4,0,0,1064,0,0,0,2,0,0,0,108,1,0
MEX,0,0,1,4,11,0,0,1725,532,12,4,441,0,0,13,61,1,15,0,7,455,4806,900,0,0,0,2,3,20696,2513,236,1,0,1,8,1274,0,3,309,18,35,393,2662,0,464,353,8,2198,16,0,0,18807,3,0,365,0,4482,0,0,361,0,0,0,1,0,0,26,468,0,3572,0,0,1,146,3,132,260,0,0,159,0,0,52,1634,3842,1,3,247,1102,0,9,0,0,1,0,1,2,0,4,0,0,25,26,42,0,0,6,5,0,0,2,0,2,0,2,0,3,1,1,0,0,0,40,0,0,0,1167,512,0,170,0,0,799,0,104,0,323,143,0,185,345,0,3,6,270,2,0,0,0,0,0,0,194,0,0,2,91,29,1006,0,5,2,0,0,0,8,0,0,0,317,3,2,83,43,1957397,51,0,1110,39,1,0,0,140,0,0
MKD,0,0,0,750,0,0,0,0,230,0,0,286,0,0,0,666,0,0,0,0,0,0,1,0,0,0,0,0,0,0,0,0,0,0,0,0,0,0,0,0,1,616,5721,0,205,0,0,4,0,0,0,52,0,0,16,0,328,0,0,17,0,0,0,0,0,0,0,844,0,0,0,0,0,0,0,0,18,0,0,0,0,0,3,0,5832,0,0,0,0,0,0,0,0,0,0,0,0,0,0,0,0,0,1,0,0,0,0,0,0,0,0,0,2,0,0,0,0,0,0,0,0,0,0,0,0,0,12,299,0,0,0,0,0,0,0,0,44,0,0,41,0,0,0,0,14,0,0,0,0,0,0,0,0,0,0,0,129,1345,399,0,0,0,0,0,0,0,0,0,0,1548,0,0,0,0,0,0,0,0,0,0,0,0,2,0,0
MLI,0,0,26,0,24,0,0,111,48,0,2,60,374,3269,0,3,3,0,0,1,0,1,10,0,0,0,0,324,501,239,30,1,0,6,12377,4,0,3,0,0,2,32,1061,0,60,5,3,13,55,0,210,14157,0,0,14,0,30057,0,10797,115,0,1793,0,0,1624,6,35,10,0,0,0,0,0,0,0,0,19,0,0,21,0,0,2,140,940,0,3,6,20,0,0,0,1,2,0,0,1542,83,0,0,0,1,8,2,0,0,0,19,0,11,0,0,0,0,0,0,6989,0,3,0,0,0,39,8157,23186,0,107,39,0,11,0,0,1,0,2,0,46,0,0,99,0,0,7,22,52,1,0,0,5218,1,0,154,0,0,44,3,4,4,104,1,0,48,606,0,0,0,0,0,2,23,250,1,12,0,407,0,0,2,0,1,0,0,420,33,0
MLT,0,0,0,0,0,0,0,0,0,0,0,2,0,0,0,0,1,0,0,0,0,0,0,0,0,0,0,0,0,0,0,0,0,0,0,0,0,0,0,0,0,5,3,0,0,0,0,0,0,0,0,34,0,0,0,0,7,0,0,3,0,0,0,0,0,0,1,1,0,0,0,0,0,0,0,0,0,0,0,0,0,0,0,3,49,0,1,0,0,0,0,0,0,0,0,0,1,0,0,0,0,0,0,0,0,0,0,0,0,0,0,0,0,0,0,0,0,0,0,0,0,0,0,0,0,0,0,0,0,0,0,0,0,0,0,0,0,0,0,1,0,0,0,0,4,0,0,0,0,0,0,0,0,0,0,0,1,0,1,0,2,0,0,0,0,0,0,0,0,0,0,0,0,0,0,0,0,0,0,0,0,0,4,0,0
MMR,0,0,0,0,0,0,0,6580,14,0,0,0,0,0,0,0,0,0,0,0,0,1,5,0,0,4,0,0,1231,60,0,0,0,0,0,0,0,0,1,0,12,74,208,0,614,1,0,5,3,0,0,0,0,0,487,0,0,0,0,11820,0,0,0,0,0,0,0,3,0,0,0,0,0,0,0,0,3,0,0,13,0,0,1,0,88,0,0,0,0,0,0,0,1152,0,48,0,0,0,0,23,0,0,0,0,0,0,0,0,0,0,0,0,1,0,0,0,0,0,0,0,84959,0,0,0,0,0,267,1311,0,194,0,0,14,0,28,0,0,0,0,0,0,0,0,0,290,0,0,0,0,0,0,0,0,0,0,0,0,1,687,0,0,0,0,368832,0,0,0,0,0,0,0,0,0,0,28118,0,0,0,2013,0,0,0,60,0,0
MNG,0,0,0,0,0,0,0,313,287,28,0,5,0,0,0,33,0,0,0,42,0,1,0,0,0,0,0,0,260,251,0,4,0,0,1,1,0,0,0,0,1,4183,70,0,29,0,0,5,7,0,0,23,12,0,23,0,538,0,0,1,0,0,0,0,0,0,0,0,0,0,0,0,0,0,0,0,447,0,0,22,0,0,11,2,119,0,0,0,632,0,0,0,8263,0,0,0,0,0,0,0,0,12,0,20,0,0,42,0,0,0,0,0,1,0,0,0,0,0,0,0,0,0,0,0,0,0,204,58,0,23,0,0,0,0,0,0,190,0,0,9,0,0,0,0,4644,0,0,0,0,0,0,0,0,0,0,0,33,2,462,0,0,0,0,2,0,0,0,0,0,57,0,0,116,0,10,80,0,0,0,0,0,0,1,0,0
MOZ,0,0,529,0,0,0,0,2907,46,0,740,69,0,0,0,10,0,0,0,0,0,1,125,0,0,0,630,2,445,600,288,0,0,0,16,2,0,1,0,0,101,13,202,0,55,2,4,6,5,9,0,448,0,0,32,0,263,0,0,3681,0,0,0,0,0,0,0,88,0,0,0,0,0,0,0,0,13,0,0,46,0,0,6,293,283,0,0,0,0,12,0,0,36,0,0,0,0,0,0,0,10,1,140,1,0,0,0,0,0,4,0,0,1,0,0,0,0,0,15,0,0,121,0,0,0,0,193,49,0,746,0,0,1,0,3,0,20,0,0,3892,1,0,0,0,19,353,0,0,0,0,0,0,0,0,0,0,2,2,93,3740,0,0,0,3,0,0,0,0,0,9,1421,118,0,0,955,0,0,12,0,0,0,0,49601,6,0
MRT,0,0,0,0,0,0,0,14,6,0,5,116,0,0,0,1,0,0,0,0,0,0,0,0,0,0,0,15,128,20,0,0,0,0,521,0,0,0,0,0,0,1,0,0,5,0,0,0,22,0,150,3175,0,0,3,0,2883,0,0,0,0,1,0,0,18,26,0,7,0,0,0,0,0,0,0,0,1,0,0,1,0,5,0,0,100,0,2,0,0,0,0,0,0,0,0,0,0,23,0,0,0,0,0,0,0,0,0,0,0,1,0,1202,1,0,0,0,0,0,0,0,0,0,0,0,1534,1,36,4,0,0,0,0,0,0,0,0,0,0,0,8,0,0,2,0,1,0,0,0,0,0,0,0,0,0,0,0,1,0,12,0,0,0,0,0,0,0,0,0,0,4,0,2,0,0,17,0,0,0,0,0,0,0,0,0,0
MTQ,0,0,0,0,52,2,0,158,7,0,3,57,4,0,0,2,7,0,0,0,0,9,2,26,0,0,0,20,337,55,0,0,0,6,55,37,1,0,0,0,2,5,53,0,7,5,3,97,3,0,1,124,0,0,6,0,103,0,0,27,0,0,0,354,0,0,37,0,0,1,0,0,0,0,1,4,8,0,0,13,0,0,2,197,303,0,0,17,0,0,0,0,0,4,0,0,0,0,144,0,0,1,15,1,0,0,0,41,0,0,0,0,0,0,1,0,9,0,7,0,0,0,191,0,0,0,5,9,0,18,0,0,12,0,5,0,40,0,0,17,2,0,14,50,12,2,0,0,0,0,2,0,1,0,0,46,6,1,14,0,0,0,1,0,0,0,0,0,3,41,0,1,0,0,164,0,1,20,0,5,0,0,49,0,0
MUS,0,0,0,0,0,0,0,2654,10,0,0,7,0,0,0,0,0,0,0,0,0,0,0,0,0,0,116,0,1436,247,0,0,0,0,0,0,0,0,0,0,3,14,0,0,18,0,0,0,0,0,0,0,0,0,9,0,1611,0,0,1805,0,0,0,0,0,0,0,13,0,0,0,0,0,0,0,0,13,0,0,0,0,0,0,0,1,0,0,0,0,0,0,0,0,0,0,0,0,0,0,0,0,0,4,0,0,0,0,43,0,0,0,0,0,0,0,0,0,0,0,0,0,0,0,0,0,0,8,23,0,76,0,0,0,0,0,0,0,0,0,0,0,0,0,0,0,0,0,0,0,0,0,0,0,0,0,0,2,2,25,0,0,0,0,0,0,0,0,0,0,2,50,0,0,0,0,0,0,0,0,0,0,0,1671,0,0
MWI,0,0,56,0,4,0,0,532,12,0,3376,11,0,0,0,5,1,0,0,0,0,1,46,0,0,0,368,0,192,119,12,1,0,0,68,1,0,0,0,0,16,10,16,0,54,1,4,1,8,57,0,13,0,0,28,0,91,0,0,647,0,0,0,0,0,0,0,6,0,0,0,0,0,0,0,0,4,1,0,13,0,0,2,14,172,0,0,0,0,44,0,0,2,0,0,0,0,2,0,0,6,0,0,0,0,0,0,0,0,1,0,0,1,0,0,3924,0,0,1,0,0,785,0,0,0,0,70,77,0,107,0,0,0,0,0,0,11,0,0,2866,0,0,1,0,62,1217,0,0,0,0,0,0,0,0,0,0,3,1,75,196,0,0,0,0,0,0,0,0,0,10,4543,240,0,0,233,0,0,2,0,0,0,8,26979,2775,0
MYS,23,0,0,0,18717,46,0,60503,662,2,0,238,0,0,16,10,2366,35,0,0,4,10,198,0,159,5,16,1,17147,1887,36,4569,0,0,5,16,0,0,3,0,272,496,5377,0,1077,20,1011,60,1168,0,0,2290,0,0,592,0,2197,0,0,24266,1,2,0,0,0,0,0,168,0,4,0,4,6947,1,0,1,154,1012,298,838,0,0,114,3,5101,0,37,5068,27,0,1,0,1955,1526,21,0,0,1412,0,7,0,4,18,2,689,0,2,18,6,51,0,0,18,68,20,0,1,0,170,0,0,0,1,0,0,0,1965,1398,0,6953,457,0,58,9,289,87,66,0,252,104,3,1,4783,0,1259,1,11867,0,0,395727,0,0,3,0,0,15,18,19,2148,0,0,0,0,1166,0,1,0,0,0,197,0,3,0,0,54160,6,0,47,34,0,0,0,608,0,0
NAM,0,0,2340,0,0,0,0,39,0,0,0,7,0,0,0,0,0,0,0,0,0,0,10,0,0,0,6,0,4,9,0,0,0,0,89,0,0,0,0,0,0,7,0,0,0,0,0,1,0,0,0,2,0,0,10,0,21,0,0,23,0,0,0,0,0,0,0,1,0,0,0,0,0,0,0,0,0,0,0,0,0,0,2,0,5,0,0,0,0,0,0,0,0,0,0,0,0,0,0,0,4,0,0,0,0,0,0,0,0,0,0,0,0,0,0,0,0,0,0,0,0,0,0,0,0,0,0,6,0,0,0,0,0,0,0,0,1,0,0,0,0,0,0,0,11,0,0,0,0,0,0,0,0,0,0,0,0,0,5,1,0,0,0,0,0,0,0,0,0,0,29,0,0,0,0,0,0,0,0,0,0,0,10269,0,0
NCL,0,0,0,0,1,0,0,63,0,0,0,0,0,0,0,0,0,0,0,0,0,0,0,0,0,0,0,0,6,1,0,0,0,0,0,1,0,0,0,0,0,0,1,0,0,0,0,0,0,0,0,2,0,0,0,0,58,0,0,2,0,0,0,0,0,0,0,20,0,0,0,0,0,0,0,0,0,0,0,0,0,0,0,7,2,0,0,0,0,0,0,0,0,0,0,0,0,0,0,0,0,0,0,0,0,0,0,0,0,0,0,0,0,0,0,0,0,0,0,0,0,0,0,0,0,0,8,0,0,136,0,0,0,0,0,0,4,0,0,0,0,862,0,0,0,0,0,0,0,0,60,0,0,0,0,0,0,0,1,0,0,0,0,0,0,0,0,0,0,0,0,0,0,0,374,0,0,0,0,29,0,0,0,0,0
NER,0,0,0,0,0,0,0,21,13,0,0,348,21967,0,0,1,0,0,0,0,0,1,8,0,0,0,0,255,165,131,3,0,0,0,159,0,0,0,0,0,4,3,395,0,9,1,0,8,50,0,0,21,0,0,10,0,3349,0,119,2,0,2396,0,0,0,0,0,69,0,0,0,0,0,0,0,0,8,0,0,55,0,0,0,21,339,0,1,0,0,0,0,0,0,0,0,0,6,67,0,0,0,0,4,0,0,0,0,0,0,0,0,4,7,0,0,0,120,0,0,0,0,0,0,0,13838,0,165,24,0,1,0,0,0,0,0,0,4,0,0,1,0,0,0,0,16,0,0,0,130,0,0,10,0,0,1,0,1,0,21,0,0,0,4036,0,0,0,0,0,0,2,0,0,0,0,148,0,0,0,0,0,0,0,10,0,0
NGA,0,0,65,0,2839,5,0,2559,3558,0,0,1817,16926,72,79,55,361,46,0,0,13,8,785,0,0,0,224,1091,9338,1782,7,0,0,39863,17,24,0,436,1,1,150,551,12792,0,659,19,398,47,477,0,0,25594,0,0,1073,0,2971,0,5516,85193,0,11707,0,0,0,0,1912,2442,0,0,0,0,0,0,0,0,748,0,61,5018,0,0,37,0,19099,0,5,1027,0,0,0,0,668,257,0,0,12646,679,6,0,0,21,6,10,0,0,0,0,0,78,0,54,43,0,0,0,0,0,0,0,0,0,0,3117,0,3,3074,682,0,278,0,0,13,3,1,0,334,0,0,243,0,0,714,0,428,0,2099,0,102,0,0,274,0,0,96,0,50,17,2120,1,0,0,5648,0,0,0,0,0,0,203,0,2,0,0,103012,0,0,38,0,0,0,0,9191,28,0
NIC,1,0,1,0,1,9,0,286,98,1,5,7,0,0,0,25,0,1,0,2,8,67,42,0,0,0,0,0,3662,343,87,1,0,0,1,324,0,0,86486,70,7,21,227,0,103,188,1,429,1,0,0,9483,1,0,62,0,317,0,0,21,0,0,0,0,0,0,1,32,0,3129,0,0,0,1850,0,1,19,0,0,11,0,0,4,8,719,68,1,1,50,0,0,0,0,0,0,0,1,0,0,0,0,0,2,0,0,0,0,0,0,1269,0,0,0,0,0,0,0,0,0,0,0,0,2,0,0,0,197,101,0,13,0,0,4602,16,1,0,7,2,0,9,12,0,0,0,48,1,0,0,0,0,0,0,3227,0,0,2,8,3,390,0,1,0,0,0,0,0,0,0,0,17,1,2,21,0,82311,0,0,711,0,0,0,0,59,0,0
NLD,417,0,333,2,462,0,0,152,2681,10,648,48935,0,0,0,198,108,3,0,36,0,5,2,0,174,0,102,0,1300,6526,10,0,0,0,19,42,0,0,2,0,128,3321,36841,0,1717,13,183,304,112,0,1,13392,6,0,576,0,10935,0,0,15464,0,26,0,27,0,0,0,942,0,8,2,1,20,1,47,0,1284,737,0,1599,1,0,115,1775,6503,0,197,89,112,8,0,0,24,0,0,55,699,0,3,0,0,93,944,96,0,0,52,1,0,25,0,0,82,0,0,0,8,0,0,0,0,0,0,0,0,0,0,2856,0,1046,0,0,61,0,63,0,2214,0,0,643,5,0,171,0,4072,68,0,0,0,0,0,0,0,0,0,1359,439,129,3499,0,327,0,0,17,0,2,0,0,0,7799,11,281,499,0,141,0,0,42,0,0,0,0,4088,0,0
NOR,0,0,0,8,0,0,0,3,86,0,0,71,0,0,0,8,0,0,0,0,0,1,10,0,0,0,4,0,2,44,0,0,0,0,0,1,0,0,0,0,5,35,147,0,936,0,0,5,2,0,4,762,0,0,168,0,86,0,0,440,0,0,0,0,0,0,0,3,0,0,0,0,0,0,39,0,83,0,0,0,0,0,31,0,85,0,0,0,1,0,0,0,0,0,0,0,0,0,0,0,0,36,19,36,0,0,0,0,0,0,10,0,1,0,0,0,0,1,0,0,0,0,0,0,0,0,0,0,0,0,0,0,1,0,0,0,297,0,0,4,0,0,0,0,0,0,0,0,0,0,0,0,0,0,0,0,36,6,1509,0,0,0,0,0,0,0,0,0,0,278,0,0,0,0,2,0,0,1,1,0,0,0,10,0,0
NPL,0,0,0,0,3196,2,0,20069,229,0,0,780,0,0,8121,22,421,0,0,0,0,0,37,0,0,6610,1,0,2448,489,4,0,0,0,0,2,0,0,3,0,26,138,1277,0,1256,2,0,3,3,0,0,2085,0,0,886,0,665,0,0,36,0,0,0,0,0,0,0,34,0,0,0,0,2366,0,0,0,37,0,10998,63,0,0,72,0,960,0,22,45,4,0,0,0,4533,196,0,0,0,0,0,0,0,1,11,13,25,0,0,1,0,7,0,0,1,4,1,0,0,0,6,0,72245,0,0,0,0,1,867,655,0,324,0,0,2,0,0,0,55,0,2,373,0,0,831,0,31,0,1543,0,0,47,0,0,0,0,0,1,4,6,502,0,0,0,0,32,0,0,0,0,0,8,0,0,0,0,48919,1,0,2,849,0,0,0,61,0,0
NZL,0,0,0,39,0,0,0,123818,162,1,10,24,0,0,0,19,0,0,0,1,0,14,149,0,7891,2,0,0,1950,476,11,7,0,0,0,15,0,0,2,0,34,233,551,0,220,0,4,79,8,0,0,448,0,0,95,314,543,0,0,13766,0,0,0,0,0,0,0,55,0,0,0,0,151,0,43,0,98,0,0,237,0,0,22,14,474,0,75,329,17,0,0,0,258,0,0,20,16,0,0,0,0,3,7,7,0,0,0,0,0,9,14,0,4,0,0,0,0,0,0,0,10,0,25,0,0,1,488,236,0,0,0,0,0,0,118,0,72,0,0,7,3,6,4,0,11,5,0,0,0,793,2,0,0,0,0,0,36,28,405,12,120,0,0,43,3,0,0,0,0,213,3,3,3,0,2665,0,0,3,0,107,0,0,986,0,0
OMN,2,0,0,0,4256,0,0,1208,25,0,0,15,0,0,0,5,449,0,0,0,0,2,20,1,3,0,7,1,901,91,9,8,0,0,3,5,0,0,2,2,78,5,66,0,25,0,290,12,360,0,0,98,0,1,13,0,124,0,0,106,0,1,0,0,0,0,2,8,0,0,0,0,3,0,0,0,17,32,0,43,0,1,1,65,154,1,406,7,0,0,0,0,13,23,0,66,0,563,0,0,0,2,1,1,0,1,0,4,0,1,0,0,3,0,0,0,0,0,2,0,1,0,8,0,1,0,225,45,0,353,0,0,3,0,97,0,29,0,0,5,0,0,666,5,45,10,56,0,0,2,0,0,0,0,0,6,6,2,102,0,318,19,0,3,0,0,0,0,0,67,1,3,0,0,730,0,0,1,1,0,0,2,270,0,0
PAK,0,19809,0,0,494846,0,1,26633,3118,0,0,3313,0,0,614,88,61442,7,0,36,2,34,125,5,54,153,289,0,88678,2941,62,3049,0,0,0,40,0,0,3,0,296,661,33568,0,7465,77,371,71,462,0,0,39485,0,0,1763,819,9579,0,0,167249,0,44,0,1,0,0,0,16439,0,10,0,0,2420,0,0,0,301,1928,104747,1709,113575,115,23,558,39741,10,745,3618,0,3,0,0,4016,54274,1,24,14,634,10,47,0,36,9,31,0,0,14,1306,0,78,0,0,51,849,10,210,0,0,62,14,13975,0,0,0,0,1,8139,11754,4043,2185,24916,0,45,16,172,1,255,0,131,1231,8,0,122996,0,523,5,285441,0,0,59649,55,18,1,0,0,0,62,15,10318,0,333,0,0,5714,34,0,1,2,0,2523,492,510,0,0,147652,55,0,9,173,0,0,3,6258,8,0
PAN,0,0,2,1,0,0,0,64,17,1,1,4,0,0,0,5,1,13,0,0,0,49,15,0,2,0,0,0,721,154,65,0,0,0,0,674,0,0,1288,3,9,32,106,0,27,105,1,709,0,0,2,1770,0,0,10,0,165,0,0,69,0,0,0,0,0,0,0,41,2,58,0,0,0,35,0,0,13,0,0,5,0,0,4,98,423,20,2,0,66,0,1,0,0,0,0,0,5,0,8,0,0,2,1,1,0,0,0,0,0,51,0,0,0,0,0,0,0,0,0,0,0,0,0,0,0,0,61,25,0,11,0,0,0,0,8,0,21,0,0,2,11,0,0,0,5,0,0,0,0,0,0,0,60,0,0,0,11,2,86,0,2,0,0,0,0,1,0,0,0,14,0,0,3,0,2863,3,0,92,0,0,0,0,13,0,0
PER,598,0,4,1,19,83813,0,5536,897,2,8,751,1,1,348,37,5,179,0,6,1,7843,6876,1,13,0,3,4,13168,5241,87124,10043,0,1,15,3357,0,2,1327,28,27,291,8117,0,668,1079,7,15050,6,0,0,136231,2,0,341,0,6229,0,0,162,0,1,0,1,0,0,13,205,0,196,154,3,8,111,39,285,204,3,0,111,0,0,60,2229,68756,2,2,27110,177,0,0,0,17,1,0,0,6,1,1,0,0,12,57,10,1,0,2,8,0,2731,0,0,9,0,1,0,4,1,2,0,1,0,43,0,0,61,2035,903,0,345,0,0,1253,0,13,0,179,0,414,229,865,0,6,9,166,3,1,0,0,8,0,0,95,0,0,11,59,35,4246,0,3,0,0,3,0,0,0,1,1,210,6,2,66,853,194181,2,0,20361,57,1,0,0,184,0,0
PHL,263,0,913,0,171615,73,0,66058,3822,26,6,1176,0,0,51,58,27438,428,0,7,7,33,309,15,28,4,73,3,103524,4319,167,34361,0,1,52,65,0,0,19,0,2614,396,18511,0,4380,34,478,195,482,0,0,17314,3,0,1163,14,5886,0,1,47678,2,14,0,1,0,0,0,1458,0,19,3,7,24714,1,3,2,255,431,171,1734,2,1,734,646,47090,16,47,47191,3167,0,29,0,13533,14727,10,0,145,397,4,0,0,32,73,23,4763,0,8,17,44,361,3,0,59,46,104,0,2,0,100,0,198,3,1,0,0,4,3577,6530,0,9138,4148,2,478,0,0,94,450,0,1810,433,16,1,44491,0,384,7,111629,0,0,5000,0,0,4,0,0,17,61,51,4481,1,0,0,0,793,0,22,0,4,0,562,48,18,5,2,373024,163,2,81,105,2,0,0,3259,3,0
PNG,0,0,0,0,0,0,0,5462,13,0,0,1,0,0,0,1,0,0,0,0,0,1,0,0,2,0,0,0,54,55,1,7,0,0,0,0,0,0,0,0,3,2,8,0,4,0,0,2,0,0,0,4,0,0,5,1,6,0,0,51,0,0,0,0,0,0,0,0,0,0,0,0,2,0,0,0,2,3,0,5,0,0,0,4,63,0,0,5,0,0,0,0,7,0,0,0,0,0,0,0,0,0,0,0,0,0,0,0,0,0,0,0,1,0,0,0,0,0,0,0,0,0,0,0,0,0,64,5,0,261,0,0,1,0,3,0,2,0,0,1,0,0,0,0,0,0,0,0,0,7,0,0,0,0,0,0,2,1,8,0,0,0,0,0,0,0,0,0,0,3,0,0,0,0,325,0,0,1,0,17,0,0,21,0,0
POL,0,0,0,23,0,0,0,1,89,8,4,1832,0,0,0,76,0,0,0,76,0,0,1,0,0,0,0,0,0,260,0,0,0,0,0,0,0,0,0,0,7,2601,15724,0,880,0,3,2,0,0,2,1899,12,0,116,0,39,0,0,13007,0,0,0,0,0,0,0,7,0,0,0,0,0,0,23,0,207,0,0,0,0,0,187,0,4321,0,0,0,323,0,0,0,0,0,0,0,12,0,0,0,0,4,100,3,0,0,2,0,0,0,9,0,0,0,0,0,0,0,0,0,0,0,0,0,0,0,1259,2558,0,0,0,0,0,0,0,0,0,0,0,59,0,0,0,0,272,0,0,0,0,0,0,0,0,0,0,0,288,22,1217,0,0,0,0,1,0,0,0,0,0,61,0,1,341,0,1,0,0,0,0,0,0,0,24,0,0
PRI,59,0,1,1,216,7,0,1151,188,0,0,184,0,0,0,43,31,6,0,0,65,171,462,79,5,1,25,10,1038,662,132,411,0,0,10,1075,0,12,184,16,51,232,1315,0,161,2979,50,2416,45,0,0,3543,2,0,89,0,752,0,2,1850,0,10,0,18,0,1,8,48,47,137,1,47,5,60,16,835,165,36,0,131,0,0,29,1616,2097,189,0,277,11,0,0,0,627,1,0,0,0,27,50,0,2,33,18,18,0,0,6,5,0,9877,1,0,10,0,11,0,5,0,2,0,0,0,10,0,0,5,260,210,0,298,0,0,474,0,9,2,409,0,22,108,56,2,60,2,151,4,2,0,0,220,0,0,46,0,0,17,74,17,263,5,0,0,3,0,1,0,0,122,0,332,27,22,4,65,104291,2,27,1246,17,0,0,0,345,1,0
PRK,0,0,0,0,0,0,0,0,0,181,0,0,0,0,0,3,0,0,0,0,0,7,18,0,0,0,0,0,0,33,0,0,0,0,0,0,0,0,0,0,0,0,0,0,0,0,0,53,0,0,0,0,0,0,0,0,0,0,0,0,7,0,0,0,0,0,0,0,0,0,0,0,0,0,0,0,0,0,0,0,0,0,0,0,15,0,0,0,25924,0,229,0,0,0,0,0,0,0,0,0,0,0,0,0,0,0,42,0,0,0,0,0,0,0,109,0,0,0,0,0,0,0,0,0,0,0,2,0,0,0,0,0,0,0,0,0,0,0,0,10,0,0,0,0,164,0,0,0,0,0,0,0,0,0,0,0,0,1,0,0,0,0,0,0,0,156,0,0,0,0,0,0,0,0,0,1198,0,0,0,0,0,0,0,0,0
PRT,0,0,6105,3,1,0,0,25,30,0,221,519,0,0,0,4,8,0,0,0,0,0,3,0,0,0,8,6,125,1780,0,48,0,0,339,4,0,2,0,0,1,53,524,0,41,0,3,10,2,0,0,5548,0,0,75,0,1396,0,0,2049,0,0,0,0,0,0,0,42,0,0,0,0,1,0,3,0,17,0,0,19,0,0,16,0,335,0,3,0,4,2,0,0,0,0,0,1,10,1,0,0,1,2,493,3,0,0,0,0,0,1,1,0,1,0,0,0,0,0,0,0,0,2,0,0,0,0,82,85,0,2,0,0,1,0,0,0,25,0,0,0,0,0,2,0,62,34,0,0,0,53,0,0,0,0,0,0,3,3,93,1,4,15,0,2,0,0,0,0,0,12,70,69,3,0,116,0,0,12,2,0,0,0,848,3,0
PRY,0,0,0,0,0,46140,0,0,18,0,0,4,0,0,0,2,0,0,0,1,0,229,0,0,0,0,0,0,929,207,1,0,0,0,0,22,0,0,0,0,2,26,119,0,5,0,0,121,0,0,0,35520,0,0,4,0,60,0,0,24,0,0,0,0,0,0,0,22,0,0,0,0,0,0,0,0,5,0,0,0,0,0,2,3,817,0,0,0,32,0,0,0,0,0,0,0,0,0,0,0,0,1,0,0,0,0,0,0,0,49,0,0,1,0,0,0,0,0,0,0,0,0,0,0,0,0,2,37,0,1,0,0,14,0,0,0,0,0,0,13,0,0,0,0,1,0,0,0,0,0,0,0,0,0,0,0,2,1,27,0,0,0,0,0,0,0,0,0,0,2,0,0,15,64,0,0,0,4,0,0,0,0,10,0,0
PYF,0,0,0,0,19,1,0,244,6,0,1,15,1,0,0,1,2,0,0,0,0,3,0,0,0,0,0,5,61,18,0,0,0,2,15,9,0,0,0,0,1,2,13,0,2,0,1,18,1,0,0,35,0,0,2,0,136,0,0,9,0,0,0,0,0,0,9,0,0,0,0,0,0,0,0,0,3,0,0,3,0,0,1,73,101,0,0,13,0,0,0,0,0,1,0,0,0,0,0,0,0,0,4,0,0,0,0,18,0,0,0,0,0,0,0,0,2,0,3,0,0,0,331,0,0,0,2,4,0,51,0,0,2,0,5,0,13,0,0,4,1,0,5,24,7,1,0,0,0,0,2,0,0,0,0,3,2,0,5,0,0,0,0,0,0,0,0,0,1,19,0,0,0,0,5,0,0,1,0,38,0,0,18,0,0
QAT,0,0,0,0,0,0,0,0,0,0,0,0,0,0,0,0,0,0,0,0,0,0,0,0,0,0,0,0,0,0,0,0,0,0,0,0,0,0,0,0,0,0,0,0,0,0,0,0,0,0,0,0,0,0,0,0,0,0,0,0,0,0,0,0,0,0,0,0,0,0,0,0,0,0,0,0,0,0,0,0,0,0,0,0,0,0,0,0,0,0,0,0,0,0,0,0,0,0,0,0,0,0,0,0,0,0,0,0,0,0,0,0,0,0,0,0,0,0,0,0,0,0,0,0,0,0,0,0,0,0,0,0,0,0,0,0,0,0,0,0,0,0,0,0,0,0,0,0,0,0,0,0,0,0,0,0,0,0,0,0,0,0,0,0,0,0,0,0,0,0,0,0,0,0,0,0,0,0,0,0,0,0,0,0,0
REU,0,0,0,0,0,0,0,51,0,0,0,0,0,0,0,0,0,0,0,0,0,0,2,0,0,0,0,0,49,4,0,0,0,0,0,1,188,0,0,0,0,2,0,0,1,0,2,1,1,0,0,0,0,0,1,0,3312,0,0,6,0,0,0,12,0,0,0,5,0,0,0,0,0,0,0,0,1,0,0,0,0,0,0,0,12,0,0,0,0,0,0,0,0,0,0,0,0,0,0,0,0,0,0,0,0,0,0,6,0,0,0,0,0,0,0,0,0,25,0,0,0,0,0,0,0,0,0,0,0,5,0,0,0,0,0,0,0,0,0,0,0,0,0,0,0,0,0,0,0,0,0,0,0,0,0,0,0,0,0,0,0,0,0,0,0,0,0,0,0,2,1,0,0,0,9,0,0,0,0,0,0,0,117,0,0
RUS,0,0,22,25,14,3,0,157,48,5,23,1327,0,0,11,1965,39,0,0,5149,0,5,11,0,0,4,2,0,94,893,1,96,0,0,83,11,2,37,0,0,319,7601,710,0,142,0,140,66,9,1,41,5669,1319,0,57,0,2230,0,2,1004,0,1,0,4,0,0,3,62,0,1,1,0,0,0,4,0,317,0,15,10,0,0,36,70,8101,0,18,0,47262,0,0,0,0,0,0,5,49,2,6,0,0,18,25,25,0,0,0,0,0,1,5,0,36,0,0,0,0,12,0,0,1,0,1,0,1,0,1184,1895,0,58,0,0,2,0,14,0,46,0,11,465,0,1,34,0,0,1,0,0,0,9,0,1,0,0,0,0,352,60,1855,0,0,0,1,0,0,0,0,0,0,413,0,9,70444,0,181,1,0,2,15,7,0,0,129,0,0
RWA,0,0,142,0,0,0,0,53,0,0,6116,126,0,0,0,0,0,0,0,0,0,0,1,0,0,0,0,0,0,0,0,0,0,0,977,0,0,0,0,0,0,0,0,0,15,0,0,1,0,0,0,0,0,0,28,0,43,0,0,0,0,0,0,0,0,0,0,0,0,0,0,0,0,0,0,0,0,0,0,0,0,0,0,0,0,0,0,0,0,0,0,0,0,0,0,0,0,0,0,0,0,0,0,0,0,0,0,0,0,0,0,0,0,0,0,0,0,0,0,0,0,0,0,0,0,0,0,43,0,0,0,0,0,0,0,0,0,0,0,0,0,0,0,0,0,0,0,0,0,0,0,0,0,0,0,0,0,0,30,9,0,0,0,0,0,0,0,0,0,0,0,0,0,0,0,0,0,0,0,0,0,0,149,57,0
SAU,0,0,0,6,49449,11,2,11322,1810,76,0,112,0,0,277,111,9698,1,0,0,1,24,260,4,1,0,17,77,9880,1335,31,44,0,0,25,63,0,0,5,1,326,213,5827,6,478,16,8294,139,7347,0,0,980,0,0,385,1,4436,0,3,1630,18,12,0,0,0,0,0,216,0,15,0,1,6,1,1,0,308,13,525,296,98,454,7,1783,2963,4,5103,40,4890,146,56,0,49,664,0,669,0,9489,1,0,0,20,4,13,0,420,11,2,0,112,404,0,21,0,4,0,327,0,3,0,1,0,1,0,39,2,960,757,0,778,88,0,15,7,79,0,380,0,2,33,10,0,18064,0,339,1,0,0,197,21,0,0,1,0,0,0,56,14,2444,0,10,0,3,8,0,60,0,1,3,3497,8,24,0,1,36710,344,1,708,64,0,0,301,999,0,0
SDN,0,0,21,2,83057,1,0,10289,352,0,2452,66,5,1,5,26,10535,1,0,0,0,3,27,0,0,0,8,155,8607,4957,3,0,0,137,868,7,0,2,0,1,145,66,5127,107,526,2,2363,6,2958,59024,0,648,0,3474,274,0,3118,0,25,14135,0,20,0,0,0,0,1,634,0,0,0,0,18,0,0,0,91,0,1,229,0,585,11,10485,11716,0,662,28,1,1046,0,0,15,7509,0,0,19,3996,0,0,0,2,1,3,3,436,0,2,0,3,7,0,19,1,0,0,24,0,3,0,1,0,0,20,31,1,2082,4815,2,289,9,0,3,0,13,0,89,0,0,12,0,0,20973,0,101,3285,40161,0,2,13,0,1,0,122,261,1,10,11,8751,3,249,61431,4,4,0,0,0,0,2,157,61,8169,0,0,40912,0,0,15,13,0,0,4275,2090,1,0
SEN,0,0,0,0,62,1,0,240,138,0,3,823,14,0,0,11,8,0,0,0,0,6,144,0,0,0,0,975,1307,1090,1,2,0,11,5416,14,1,922,0,0,7,57,737,0,75,1,138,28,168,0,971,36407,0,0,88,0,47600,0,4145,75,0,51,0,0,5349,1248,63,113,0,0,0,0,0,0,1,1,28,0,0,24,0,4,10,405,20715,0,2,15,0,0,0,0,1,4,0,0,324,180,0,0,0,4,26,2,0,0,0,46,0,18,0,1078,2,0,0,0,5178,0,7,0,0,0,104,60,1937,12,385,116,0,15,0,0,4,0,4,0,122,0,0,1642,2,0,17,53,46,2,0,0,0,0,1,20,0,0,14,9,15,3,324,0,0,0,11,0,0,0,0,0,6,118,0,2,0,0,2519,0,0,8,0,3,0,0,1061,16,0
SGP,0,0,0,0,0,0,0,10427,36,0,0,0,0,0,0,2,0,0,0,0,0,2,41,0,0,0,0,0,787,349,1,0,0,0,0,1,0,0,0,0,6,13,193,0,148,0,42,12,31,0,0,0,0,0,48,0,443,0,0,3005,0,0,0,0,0,0,0,9,0,1,0,0,149,0,0,0,22,2372,0,16,0,0,3,0,150,0,0,109,0,0,0,0,0,0,0,0,0,0,0,0,0,0,2,2,0,0,0,0,0,0,0,0,1,0,0,0,0,0,5,0,0,0,0,0,0,0,237,131,0,633,0,0,3,0,171,0,3,0,0,2,0,0,0,0,7,0,0,0,0,0,0,0,0,0,0,0,1,2,154,0,0,0,0,0,0,0,0,0,0,45,0,0,0,0,3738,0,0,1,25,0,0,0,175,0,0
SLB,0,0,0,0,1,0,0,587,4,0,0,0,0,0,0,0,0,0,0,0,0,0,0,0,0,0,0,0,8,10,0,2,0,0,0,3,0,0,0,0,1,1,2,0,2,0,0,0,0,0,0,1,0,0,3,0,10,0,0,12,0,0,0,0,0,0,0,0,0,0,0,0,0,0,0,0,0,0,0,1,0,0,1,2,7,0,0,2,0,0,0,0,2,0,0,0,0,0,0,0,0,0,0,0,0,0,0,0,0,2,0,0,0,0,0,0,0,0,0,0,0,0,0,0,0,0,1,1,0,112,0,0,1,0,0,12,1,0,0,0,0,0,0,0,1,0,0,0,0,2,0,0,0,0,0,0,1,1,3,0,0,0,0,0,0,0,0,0,0,1,0,0,0,0,20,0,0,0,0,53,0,0,3,0,0
SLE,0,0,0,0,4,0,0,39,4,0,0,2,0,0,0,1,1,0,0,0,0,1,1,0,0,0,1,0,38,9,1,1,0,0,4,1,0,0,0,0,1,2,30,0,4,0,2,2,0,0,0,43,0,0,2,0,23,0,2,40,0,3,0,0,0,0,0,1,0,0,0,0,0,0,0,0,1,0,0,1,0,0,0,4,28,0,0,1,12,0,0,0,1,0,0,0,12914,0,0,0,0,0,0,0,0,0,0,0,0,4,0,0,0,0,0,0,1,0,0,0,0,2,0,0,4,0,2,7,0,6,0,0,0,0,0,0,3,0,0,2,0,0,1,0,3,0,0,0,0,1,0,0,0,0,0,0,0,0,13,0,0,0,2,0,0,0,0,0,0,7,0,0,5,0,18,0,0,3,0,0,0,0,28,2,0
SLV,0,0,0,0,0,1,0,1253,20,0,0,1,0,0,0,5,0,29,0,0,874,41,0,0,0,0,0,0,9499,219,27,0,0,0,0,135,0,0,472,1,5,11,99,0,25,57,73,384,69,0,0,3648,0,0,26,0,239,0,0,7,0,0,0,0,0,0,0,30,0,3637,0,0,0,698,0,0,7,0,0,7,0,0,7,27,3838,33,0,0,2,0,0,0,1,0,0,0,0,35,0,0,0,0,0,0,0,0,0,0,0,1285,0,0,0,0,0,0,0,0,0,0,0,0,0,0,0,0,77,58,0,16,0,0,234,0,0,0,3,359,0,42,11,0,0,0,5,0,0,0,0,0,0,0,0,0,0,0,2,0,731,0,0,0,0,0,0,0,0,0,0,10,0,0,1,0,268935,0,0,174,0,0,0,0,2,0,0
SOM,0,0,0,0,3152,0,0,1648,275,0,0,188,0,0,0,1,457,0,0,0,0,0,0,0,0,0,0,0,2966,1120,1,0,0,0,0,0,0,0,0,0,4,22,664,1991,1361,0,9740,0,9027,0,0,0,0,0,3675,0,284,0,0,32690,0,0,0,0,0,0,0,0,0,0,0,0,0,0,0,0,164,0,0,112,0,0,0,0,3425,0,0,0,0,100646,0,0,0,0,0,0,0,4593,0,0,0,1,1,4,0,24,0,0,0,0,0,0,3,0,0,0,0,0,0,0,221,0,0,0,0,1,1371,8468,0,322,0,0,1,0,0,0,8,0,0,0,0,0,892,0,2,0,0,9,0,0,0,0,0,0,0,0,5,2,17193,28,880,0,0,42,0,0,0,0,0,10,218,7880,0,0,28767,0,0,0,0,0,0,48666,7712,0,0
STP,0,0,2730,0,0,0,0,1,0,0,105,1,0,0,0,0,0,0,0,0,0,0,23,0,0,0,0,0,1,9,0,0,0,0,14,1,0,0,0,0,0,1,5,0,0,0,0,0,1,0,0,1,0,0,0,0,55,0,63,3,0,0,0,0,0,0,669,3,0,0,0,0,0,0,0,0,0,0,0,0,0,0,0,0,18,0,0,0,0,1,0,0,0,0,0,0,0,0,0,0,0,0,0,0,0,0,0,0,0,0,0,0,0,0,0,0,0,0,0,0,0,0,0,0,0,0,15,0,0,1,0,0,0,0,0,0,0,0,0,3241,0,0,0,0,0,5,0,0,0,0,0,0,0,0,0,0,0,0,3,0,0,0,0,0,0,0,0,0,0,0,3,17,0,0,7,0,0,0,0,0,0,0,15,0,0
SUR,209,0,0,0,0,0,0,12,2,0,0,0,0,0,0,0,0,0,0,0,0,1,0,0,0,0,0,0,11,13,0,0,0,0,0,1,0,0,0,0,1,0,0,0,3,0,0,12,0,0,0,0,0,0,0,0,9493,0,0,0,0,0,0,1,0,0,0,1,0,0,3075,845,0,0,0,0,0,0,0,0,0,0,0,0,7,0,0,0,0,0,0,0,0,0,0,0,0,0,8,0,0,0,0,0,0,0,0,0,0,1,0,0,1,0,0,0,0,0,0,0,0,0,0,0,0,1,0,12,0,2,0,0,0,0,0,0,0,0,0,2,1,0,0,0,0,0,0,0,0,0,0,0,0,0,0,0,0,0,7,0,0,0,0,0,0,0,0,0,0,4,0,0,0,0,164,0,0,0,0,0,0,0,0,0,0
SVK,0,0,1,0,0,0,0,0,0,0,0,0,0,0,0,0,0,0,0,0,0,0,0,0,0,0,0,0,0,0,0,0,0,0,0,0,0,0,0,0,0,0,0,0,0,0,0,0,0,0,0,0,0,0,0,0,3,0,0,3,0,0,0,0,0,0,0,0,0,0,0,0,0,0,0,0,0,0,0,0,0,0,0,0,0,0,0,0,0,0,0,0,0,0,0,0,0,0,0,0,0,0,0,0,0,0,0,0,0,0,0,0,0,0,0,0,0,0,0,0,0,0,0,0,0,0,0,0,0,0,0,0,0,0,0,0,0,0,0,0,0,0,1,0,0,0,0,0,0,0,0,0,0,0,0,0,0,0,0,0,0,0,0,1,0,0,0,0,0,0,0,0,0,0,2,0,0,0,0,0,0,0,0,0,0
SVN,0,0,0,193,0,0,0,0,515,0,0,220,0,0,0,14,0,0,0,0,0,1,26,0,0,0,0,0,58,0,0,0,0,0,0,3,0,0,0,0,2,174,4136,0,82,0,0,6,0,0,0,351,0,0,11,0,0,0,0,6424,0,0,0,0,0,0,0,190,0,0,0,0,0,0,2449,0,118,0,0,27,0,0,9,0,0,0,0,0,0,0,0,0,0,0,0,0,0,0,0,0,0,2,160,5,0,0,0,0,0,0,39,0,5,0,0,0,0,0,0,0,0,0,0,0,0,0,17,65,0,0,0,0,1,0,0,0,54,0,0,11,0,0,0,0,144,0,0,0,0,0,0,0,0,0,0,0,118,0,175,0,0,0,0,0,0,0,0,0,0,30,0,0,0,0,5,0,0,3,0,0,0,0,0,0,0
SWE,0,0,0,0,0,0,0,464,404,5,0,589,0,0,0,51,0,0,0,192,0,14,12,0,0,0,28,0,0,1012,0,0,0,0,0,7,0,0,0,0,148,337,1128,0,1499,0,48,46,26,0,0,3584,145,0,9511,0,5,0,0,5273,0,0,0,0,0,0,0,279,0,0,0,0,0,0,16,0,446,0,0,405,0,0,211,0,1683,0,0,0,35,0,0,0,0,0,0,0,60,0,0,0,0,61,417,291,0,0,1,0,0,0,0,0,17,0,0,0,0,0,0,0,0,0,0,0,0,0,81,6502,0,33,0,0,8,0,68,0,635,0,0,36,1,0,0,0,421,0,0,0,0,0,0,0,0,0,0,0,80,75,0,0,0,0,0,0,0,1,0,0,0,964,0,4,38,0,0,7,0,0,0,0,0,0,13,0,0
SWZ,0,0,0,0,0,0,0,0,0,0,1,0,0,0,0,0,0,2,0,0,0,0,0,0,0,0,0,0,0,9,0,0,0,0,0,0,0,0,0,0,0,1,0,0,0,0,0,1,0,0,0,1,0,0,1,0,5,0,0,0,0,0,0,0,0,0,0,611,0,0,0,0,0,0,0,0,0,0,0,0,0,0,0,0,9,0,0,0,1,0,0,0,0,0,0,0,0,0,0,0,1,0,0,0,0,0,0,0,0,1,0,0,0,0,0,0,0,0,0,0,0,0,0,0,0,0,0,0,0,0,0,0,0,0,0,0,0,0,0,120,0,0,0,0,0,0,0,0,0,0,0,0,0,0,0,0,0,0,2,0,0,0,0,0,0,0,0,0,0,0,11,0,0,0,0,0,0,0,0,0,0,0,12463,0,0
SYR,0,0,0,0,28803,0,878,3344,1294,0,0,1016,0,0,48,889,3788,0,1,0,0,20,0,0,0,0,0,0,8335,1481,95,0,0,0,0,0,0,0,2,8,1551,509,24804,0,1080,31,11517,78,7085,0,0,1797,0,0,281,0,6508,0,5,0,0,26,0,84,0,0,0,3815,0,26,0,0,0,2,0,0,761,67,0,57,0,690,10,4350,2337,0,68488,0,0,0,0,0,0,1748,0,26491,0,5441,12,1,0,13,1,16,0,364,0,0,0,3,0,0,78,0,0,0,137,36,0,0,0,0,0,0,0,3,3184,1486,0,173,0,0,52,0,25,0,409,0,0,5,17,0,7484,0,1686,0,13988,0,0,0,0,0,0,0,0,0,118,16,10988,0,0,0,0,1,0,0,0,0,0,3543,0,0,0,0,22566,61,0,4787,36,0,0,432,60,0,0
TCD,0,0,20,0,2238,0,0,67,38,0,69,410,397,0,0,6,283,0,0,0,0,3,8,0,0,0,1,30587,656,429,6,0,0,37465,5202,4,0,1,0,0,4,17,592,0,47,1,134,5,175,0,0,353,0,0,40,0,7269,0,1223,583,0,28,0,0,0,0,31,35,0,0,0,0,0,0,0,0,15,0,0,34,0,0,0,99,728,0,6,5,0,1,0,0,2,215,0,0,10,221,0,0,0,0,5,0,0,1,0,10,0,2,0,0,2,0,0,0,71,0,1,0,0,0,16,137,12431,0,132,47,0,8,0,0,1,0,1,0,12,0,0,5,0,0,561,11,118,7,1756,13053,1,0,0,1,0,0,147,1,140,1,123,0,0,0,31,0,0,0,0,0,2,23,74,24,0,0,1895,0,0,1,5,0,0,0,159,0,0
TGO,0,0,5,0,0,0,0,79,27,0,56,423,7744,0,0,0,0,0,0,0,0,1,2,0,0,0,0,44,260,352,0,0,0,0,446,1,0,0,0,0,0,5,515,0,21,1,0,1,1,0,0,98,0,0,15,0,3132,0,603,0,0,16177,0,0,0,0,0,0,0,0,0,0,0,0,0,0,2,0,0,11,0,0,1,0,859,0,0,0,0,0,0,0,0,0,0,0,126,0,0,0,0,0,2,0,0,0,0,0,0,0,0,0,0,0,0,0,24,0,0,0,0,0,0,0,1848,0,177,18,0,2,0,0,0,0,0,0,5,0,0,14,0,0,0,0,2,1,0,0,0,0,0,0,0,0,8,0,0,1,46,0,0,0,0,0,0,0,0,0,0,7,2,3,0,0,77,0,0,0,0,0,0,0,7,1,0
THA,0,0,0,0,3738,1,0,23377,1848,0,0,1664,0,0,21,17,508,1,0,1,0,12,276,0,2928,13,8,3,3921,7880,10,7021,0,1,7,9,0,0,1,0,136,785,35066,0,5015,2,326,30,361,0,0,979,0,0,4286,1,6396,0,0,657,0,1,0,0,0,0,4,206,0,1,0,0,3732,0,2,1,416,5312,19,210,5,0,572,137,4830,0,10,11061,4,0,0,0,13317,145,434,0,1,383,0,0,0,11,57,15,31,0,2,12,0,104,0,0,28,2,5,0,1,0,3,0,1287,0,49,0,0,0,5042,7869,2,2120,3,0,62,3,236,0,161,0,336,162,4,0,997,15,240,1,1052,0,0,5867,1,0,1,0,0,0,49,119,17322,0,2,0,0,0,0,0,0,0,0,337,3,4,0,1,68083,1,0,18,147,2,0,0,361,0,0
TJK,0,0,0,3,9,0,0,54,80,1158,0,157,0,0,0,318,1,0,0,1912,0,3,4,0,0,0,0,0,362,198,1,33,0,0,20,2,0,7,0,0,65,753,4648,0,39,0,81,13,60,0,0,678,173,0,29,0,377,0,0,56,326,0,0,0,0,0,0,5,0,0,0,0,0,0,0,0,43,0,0,5,1029,0,2,29,1164,0,0,0,67961,0,602,0,21,0,0,0,0,19,0,0,0,164,0,209,0,0,956,0,0,0,1,0,1,0,0,0,0,0,0,0,1,0,0,0,0,0,158,238,0,16,0,0,0,0,1,0,33,0,4,55,0,0,2,0,191828,0,3,0,0,0,0,0,0,0,0,0,25,7,251,0,2,0,0,0,0,662,0,0,0,175,0,2,14147,0,521,4263,0,0,0,0,0,0,21,0,0
TKM,0,0,0,1,0,0,0,14,57,404,0,60,0,0,0,209,0,0,0,725,0,1,10,0,0,0,0,0,51,107,0,7,0,0,6,1,0,2,0,0,29,393,1068,0,20,0,5,9,6,0,0,369,65,0,18,0,105,0,0,68,0,0,0,0,0,0,0,9,0,0,0,0,0,0,0,0,36,0,0,3,1655,0,3,912,734,0,0,0,7192,0,0,0,0,0,0,0,0,0,0,0,0,64,2,67,0,0,210,0,0,1,0,0,1,0,0,0,0,0,0,0,0,0,0,0,0,0,42,95,0,4,0,0,0,0,1,0,45,0,1,62,0,0,0,0,37122,0,0,0,0,0,0,0,0,0,0,0,19,7,135,0,0,0,0,0,0,0,0,0,0,516,1,1,4727,0,1,283,0,0,0,0,0,0,9,0,0
TON,0,0,0,0,0,0,0,1918,1,0,0,0,0,0,0,1,0,0,0,0,0,0,0,0,0,0,0,0,2,5,35,0,0,0,0,0,0,0,0,0,0,1,0,0,4,2,0,0,0,0,0,0,0,0,0,0,0,0,0,0,0,0,0,0,0,0,0,0,0,0,0,0,0,0,0,0,0,0,0,0,0,0,0,0,7,0,0,0,0,0,0,0,0,0,0,0,0,0,0,0,0,0,0,0,0,0,0,0,0,0,0,0,0,0,0,0,0,0,0,0,0,0,0,0,0,0,4,1,0,4911,0,0,1,0,0,0,0,0,0,0,0,0,0,0,0,0,0,0,0,0,0,0,0,0,0,0,0,0,9,0,0,0,0,0,0,0,0,0,0,0,0,0,0,0,1525,0,0,0,0,7,0,0,0,0,0
TTO,2,0,0,0,0,0,0,113,10,0,0,0,0,0,0,0,0,0,0,0,0,2,86,518,0,0,0,0,2587,54,0,0,0,0,0,11,0,0,0,0,3,3,48,0,16,1,0,29,0,0,0,35,0,0,8,0,143,0,0,16000,0,0,0,0,0,0,0,2,69,0,0,187,0,0,0,0,4,0,0,7,0,0,0,0,71,228,0,0,0,0,0,0,0,0,0,0,0,0,165,0,0,0,0,1,0,0,0,0,0,2,0,0,2,0,0,0,0,0,0,0,0,0,0,0,0,0,32,63,0,20,0,0,16,0,0,0,2,0,0,0,0,0,0,0,2,0,0,0,0,0,0,0,0,0,0,0,2,1,52,0,0,0,0,0,0,0,0,0,0,1,0,0,0,0,168,0,345,103,0,0,0,0,3,0,0
TUN,0,0,0,0,142,0,0,0,124,0,0,202,0,0,0,19,24,0,0,0,0,0,15,0,0,0,0,0,202,997,0,0,0,0,0,0,0,0,0,0,1,249,904,0,21,0,252,3,12,0,0,315,0,0,86,0,13535,0,0,976,0,0,0,0,0,0,0,319,0,0,0,0,0,0,0,0,29,0,0,0,0,0,1,35,2969,0,10,0,0,1,0,0,0,0,0,2,0,1,0,0,0,0,3,1,0,0,0,0,0,0,0,0,0,0,0,0,14,0,0,0,0,0,0,0,0,0,0,91,0,0,0,0,0,0,12,0,135,0,0,23,0,0,48,0,2,0,0,0,0,0,0,0,0,0,0,0,28,12,327,0,1,0,0,0,0,0,0,0,0,30,0,0,0,0,5,0,0,0,0,0,0,1,8,0,0
TUR,1,0,0,0,5113,0,0,671,29004,548,2,798,0,0,0,1803,787,0,0,0,0,2,0,0,0,0,0,0,1780,8380,0,0,0,0,0,3,0,0,0,0,206,1407,61529,0,2050,0,174,17,95,0,0,10119,0,0,1919,0,3226,0,0,14960,191,0,0,0,0,0,0,742,0,2,0,0,0,0,0,0,658,0,0,1,446,1484,20,3300,9254,0,0,0,30791,0,348,0,0,0,0,0,2,0,0,0,0,76,55,97,0,0,322,0,0,0,13123,0,9,0,23,0,0,0,0,0,0,0,0,0,0,0,742,2093,0,82,0,0,10,0,0,0,470,0,0,334,1,0,1545,0,2515,0,0,0,0,0,0,0,0,0,0,0,127,70,7020,0,0,0,0,0,0,313,0,0,0,0,0,1,0,0,0,2043,0,5,0,0,0,0,226,0,0
TZA,0,0,210,0,0,0,0,548,0,0,294595,242,0,0,0,2,0,0,0,0,0,1,8,0,0,0,0,0,0,25,0,0,0,0,703,0,0,0,0,0,0,4,0,0,30,0,0,1,0,0,0,0,0,0,48,0,44,0,0,0,0,0,0,0,0,0,0,0,0,0,0,0,0,0,0,0,0,0,0,0,0,0,0,0,10,0,0,0,0,1141,0,0,0,0,0,0,0,0,0,0,0,0,0,0,0,0,0,0,0,0,0,0,0,0,0,0,0,0,0,0,0,0,0,0,0,0,315,290,0,0,0,0,0,0,0,0,2,0,0,0,0,0,0,0,0,6583,0,0,0,0,0,0,0,0,0,0,1,0,713,18,0,0,0,0,0,0,0,0,0,0,0,6055,0,0,0,0,0,0,0,0,0,0,546,65,0
UGA,0,0,23,0,0,0,0,21,0,0,1230,24,0,0,0,0,0,0,0,0,0,0,1,0,0,0,1,0,0,1,0,0,0,0,153,0,0,0,0,0,0,0,0,0,4,0,0,0,0,0,0,0,0,0,6,0,8,0,0,0,0,0,0,0,0,0,0,0,0,0,0,0,0,0,0,0,0,0,0,0,0,0,0,0,2,0,0,0,11,1,0,0,0,0,0,0,0,0,0,0,0,0,0,0,0,0,0,0,0,0,0,0,0,0,0,0,0,0,0,0,0,0,0,0,0,0,1,10,0,0,0,0,0,0,0,0,0,0,0,0,0,0,0,0,0,3560,0,0,0,0,0,0,0,0,0,0,0,0,8,2,0,0,0,0,0,0,0,0,0,0,0,0,0,0,0,1,0,0,0,0,0,0,69,9,0
UKR,0,0,0,0,0,0,0,0,244,855,0,86,0,0,0,1780,0,0,0,11299,0,6,93,0,0,0,0,0,0,1286,0,0,0,0,0,5,0,0,0,0,326,61138,24478,0,2023,0,34,51,3,0,0,20269,1082,0,312,0,1536,0,0,353,0,0,0,0,0,0,0,77,0,0,0,0,0,0,0,0,5393,0,0,0,3,0,55,0,51577,0,0,0,7447,0,0,0,0,0,0,0,0,0,0,0,0,675,3,334,0,0,944,0,0,0,4,0,8,0,0,0,0,0,0,0,0,0,0,0,0,0,166,780,0,8,0,0,14,0,0,0,50,0,0,8467,0,0,0,0,100101,0,0,0,0,0,0,0,0,0,0,0,2217,390,1191,0,0,0,0,0,0,0,0,0,0,343,0,0,0,0,0,0,0,0,0,0,0,0,259,0,0
URY,0,0,2,0,1,1,0,432,101,0,0,124,0,0,0,44,0,6,0,0,0,210,1,0,0,0,2,1,1028,415,86,0,0,0,1,237,0,4,5,0,5,32,170,0,76,97,5,921,5,0,0,33763,0,0,61,0,314,0,0,265,0,0,0,0,0,0,36,14,0,25,0,0,1,2,0,61,51,0,0,68,0,0,11,2200,4904,0,0,7,3,0,0,0,0,0,0,0,0,0,0,0,0,14,18,6,0,0,1,1,0,323,0,0,1,0,0,0,2,0,0,0,0,0,5,0,0,0,75,89,0,166,0,0,128,0,33,0,209,0,0,156,622,0,0,1,50,0,0,0,0,0,0,0,0,0,0,0,24,5,374,0,0,0,0,0,0,0,0,0,0,89,2,2,0,0,7926,0,0,546,0,0,0,0,115,0,0
USA,581,0,1045,3226,4530,21,0,39044,28405,893,1536,18602,10,0,0,4489,1035,27,430,2092,1069,2505,6442,575,60,12,768,277,96074,48262,1728,11317,0,16,499,7143,2,236,1423,20,4167,29070,105286,0,9962,1338,2037,29496,1390,0,4,189955,795,0,6903,3,32583,0,38,140824,1,207,0,118,0,15,116,34629,14,1663,0,402,130,561,2710,561,18801,1165,0,9581,145,8,4754,64692,255654,1709,441,6876,41206,11,4,0,17775,12,0,118,13221,528,241,0,30,2011,5925,1100,0,10,477,213,0,193379,1055,0,433,0,324,0,119,0,72,0,0,0,648,0,0,2,13085,22454,0,9709,0,0,3529,0,1251,38,21134,0,646,8558,693,41,1709,133,40228,722,0,0,0,5669,8,0,508,0,2,1007,6270,3507,18933,83,716,0,51,32327,17,7,4,651,41,46767,1026,906,19157,860,0,117,166,16664,531,16,0,0,15712,14,0
UZB,0,0,0,3,0,0,0,229,379,3352,0,915,0,0,0,573,0,0,0,2022,0,3,17,0,0,0,2,0,525,698,0,24,0,0,15,3,0,5,0,0,95,3019,4596,0,197,0,17,25,15,0,0,1851,205,0,107,0,747,0,0,527,0,0,0,0,0,0,0,863,0,0,0,0,0,0,1,0,240,0,0,25,105,0,21,78,3901,0,0,0,147422,0,487,0,4942,0,0,0,0,0,0,0,0,265,13,249,0,0,2437,1,0,4,1,0,2,0,1,0,0,0,0,0,0,0,0,0,0,0,149,451,0,46,0,0,2,0,7,0,397,0,3,757,0,0,0,0,299656,1,0,0,0,0,0,0,0,0,0,0,97,32,1370,0,0,0,0,0,0,1092,0,0,0,2346,4,2,35838,0,9373,0,0,0,0,0,0,0,39,0,0
VCT,35,0,0,0,0,0,0,3,2,0,0,0,0,0,0,0,0,0,0,0,0,0,14,1329,0,0,0,0,1895,0,0,0,0,0,0,0,0,0,0,0,0,1,0,0,1,0,0,0,0,0,0,0,0,0,1,0,0,0,0,0,0,0,0,0,0,0,0,0,48,0,0,82,0,1,0,0,1,0,0,0,0,0,0,0,14,46,0,0,0,0,0,0,0,0,0,0,0,0,121,0,0,0,0,0,0,0,0,0,0,5,0,0,0,0,0,0,0,0,0,0,0,0,0,0,0,1,11,12,0,3,0,0,1,2,0,0,0,0,0,0,0,0,0,0,0,0,0,0,0,0,0,0,0,0,0,0,0,0,3,0,0,0,0,0,0,0,0,0,0,0,0,0,0,0,2205,0,0,18,0,0,0,0,0,0,0
VEN,148,0,0,0,0,3,0,640,71,0,1,10,0,0,0,16,0,0,0,1,0,55,1,0,0,0,0,0,849,525,0,0,0,0,0,6768,0,0,0,0,12,110,196,0,87,0,3,3950,3,0,0,27359,0,0,45,0,951,0,0,88,0,0,0,0,0,0,0,53,0,2,0,211,0,0,0,0,59,0,0,7,0,0,15,133,18004,0,1,0,30,0,0,0,0,0,0,0,0,0,7,0,0,8,5,17,0,0,0,0,0,1715,0,0,1,0,0,0,0,0,0,0,0,0,0,0,0,0,223,222,0,12,0,0,2144,0,0,0,57,0,0,7,1,0,0,0,17,0,0,0,0,0,0,0,0,0,0,0,21,14,192,0,2,0,0,0,0,0,0,0,0,25,1,1,11,0,11808,1,0,0,0,0,0,0,44,0,0
VNM,0,0,0,0,125,0,0,39233,811,59,0,446,0,0,0,323,100,0,0,105,0,1,68,0,0,0,0,0,31364,2843,1,4324,0,0,0,3,0,0,0,0,22,46158,33130,0,2358,9,0,34,0,0,0,328,0,0,1956,0,28410,0,0,33,0,0,0,0,0,0,0,2,0,0,0,0,1087,0,0,0,1489,0,0,138,0,0,234,0,1923,0,0,9265,0,0,31,0,39002,10,1792,0,0,0,0,0,0,24,16,6,3,0,59,19,0,23,0,0,1,0,133,0,0,0,0,0,91,0,153,0,0,0,6381,3564,0,1267,3,0,18,0,0,0,1755,0,327,23,0,0,32,0,1136,0,77,0,0,2,10,0,0,0,0,0,943,3,4535,0,0,0,0,5658,0,34,0,0,0,14,0,0,0,0,172530,219,0,2,0,0,0,8,29,0,0
VUT,0,0,0,0,0,0,0,98,0,0,0,0,0,0,0,0,0,0,0,0,0,1,0,0,0,0,0,0,0,0,0,0,0,0,0,33,0,0,0,0,0,0,0,0,0,0,0,0,0,0,0,0,0,0,0,0,213,0,0,0,0,0,0,0,0,0,0,0,0,0,0,0,0,0,0,0,0,0,0,0,0,0,0,0,6,0,0,0,0,0,0,0,0,0,0,0,0,0,0,0,0,0,0,0,0,0,0,0,0,0,0,0,0,0,0,0,0,0,0,0,0,0,292,0,0,0,2,0,0,19,0,0,0,0,0,0,0,0,0,0,0,0,0,0,0,0,0,0,0,0,4,0,0,0,0,0,0,0,1,0,0,0,0,0,0,0,0,0,0,1,0,0,0,0,1,0,0,0,0,0,0,0,0,0,0
WSM,0,0,0,0,0,0,0,4620,2,0,0,0,0,0,0,2,0,0,0,0,0,0,0,0,11,0,0,0,10,5,0,2,0,0,0,1,0,0,0,0,1,1,3,0,4,0,0,1,0,0,0,2,0,0,2,2,4,0,0,29,0,0,0,0,0,0,0,1,0,0,0,0,1,0,0,0,1,0,0,2,0,0,0,2,9,0,0,2,0,0,0,0,3,0,0,0,0,0,0,0,0,0,0,0,0,0,0,0,0,3,0,0,1,0,0,0,0,0,0,0,0,0,3,0,0,0,3,1,0,10921,0,0,0,0,1,0,1,0,0,0,0,0,0,0,1,0,0,0,0,2,0,0,0,0,0,0,0,0,6,0,0,0,0,0,0,0,52,0,0,7,0,0,0,0,7,0,0,0,0,1,0,0,2,0,0
YEM,0,0,0,0,79636,0,0,251,35,0,0,1,0,0,0,31,10639,0,0,0,0,1,1,0,0,0,0,36,579,210,0,0,0,0,0,2,0,0,0,5,6,181,1003,41,59,1,2734,2,3053,330,0,0,0,11,24,0,2,0,0,27,0,0,0,0,0,0,0,15,0,0,0,0,0,0,0,0,156,0,0,13,0,156,1,12891,145,0,494,0,0,4,0,0,0,3917,0,64,0,3488,0,0,0,0,0,0,0,224,0,0,0,0,0,0,3,0,0,0,5,0,0,0,0,0,0,0,0,2,202,147,0,32,0,0,1,0,0,0,82,0,0,1,0,0,20951,0,344,0,30126,0,0,0,0,0,0,4,0,0,19,7,466,0,383,0,0,0,0,0,0,0,0,42,0,13,0,0,20903,0,0,0,0,0,0,0,39,0,0
ZAF,0,0,1760,0,0,0,0,38224,480,0,0,181,0,0,0,64,7,0,0,0,0,6,714,0,0,0,4013,0,5097,1548,4764,0,0,0,0,12,0,0,2,0,1197,318,2397,0,438,17,51,72,41,0,0,581,0,0,272,0,1393,0,0,45968,0,0,0,0,0,0,0,1088,0,0,0,0,0,0,0,0,114,0,0,517,0,0,13,3490,2281,0,0,0,2,0,0,0,442,0,0,0,27,1,3,0,25,7,8,8,0,0,0,0,0,43,0,0,12,0,0,0,0,0,128,0,0,2138,0,0,0,0,1559,331,0,10525,0,0,3,3,0,0,179,0,0,1003,24,0,0,0,68,0,0,0,0,0,0,0,0,0,0,0,26,15,652,1553,0,0,0,0,0,0,0,0,0,89,186,0,1,0,11519,0,0,10,0,0,0,0,0,0,0
ZMB,0,0,54983,0,0,0,0,72,13,0,13644,191,0,0,0,1,0,0,0,0,0,1,3,0,0,0,147,15,114,276,1,0,0,0,2622,4,0,0,0,0,1,41,45,0,12,0,0,11,2,0,0,75,0,0,65,0,639,0,0,679,0,0,0,0,0,0,0,1,0,0,0,0,0,0,0,0,9,0,0,0,0,0,5,2,15,0,0,0,0,124,0,0,0,0,0,0,0,0,0,0,8,0,1,0,0,0,0,0,0,0,0,0,0,0,0,0,0,0,0,0,0,0,0,0,0,0,1,68,0,4,0,0,0,0,0,0,13,0,0,0,0,0,0,0,63,1234,0,0,0,0,0,0,0,0,0,0,0,0,64,20,0,0,0,0,0,0,0,0,0,5,608,3368,0,0,1,0,0,2,5,0,0,0,6372,0,0
ZWE,0,0,417,0,244,1,0,45127,404,0,1994,37,0,0,93,88,39,10,0,1,1,23,397,23,3,0,26254,1,11903,1817,610,50,0,0,39,28,0,0,2,0,727,109,344,0,641,9,13,55,62,505,0,1021,0,0,208,6,1273,0,0,130647,0,12,0,1,0,0,0,233,0,1,0,4,22,0,0,0,93,51,0,2032,0,0,25,715,2071,19,1,15,0,53,0,0,85,0,0,0,0,0,7,0,179,19,9,16,0,0,0,7,0,25,0,0,54,0,0,48964,0,0,48,31534,0,8732,0,0,0,1,1974,581,0,13906,0,0,16,9,0,0,417,0,3,13185,4,0,77,0,262,130,0,0,0,0,0,0,4,0,0,0,39,19,871,1477,0,0,0,27,0,0,0,5,0,153,8425,443,0,0,20637,1,3,28,7,1,0,0,495779,18970,0
