,for the 5-year period 1995-2000,ABW,AFG,AGO,ALB,ARE,ARG,ARM,AUS,AUT,AZE,BDI,BEL,BEN,BFA,BGD,BGR,BHR,BHS,BIH,BLR,BLZ,BOL,BRA,BRB,BRN,BTN,BWA,CAF,CAN,CHE,CHI,CHL,CHN,CIV,CMR,COD,COG,COL,COM,CPV,CRI,CUB,CYP,CZE,DEU,DJI,DNK,DOM,DZA,ECU,EGY,ERI,ESH,ESP,EST,ETH,FIN,FJI,FRA,FSM,GAB,GBR,GEO,GHA,GIN,GLP,GMB,GNB,GNQ,GRC,GRD,GTM,GUF,GUM,GUY,HKG,HND,HRV,HTI,HUN,IDN,IND,IRL,IRN,IRQ,ISL,ISR,ITA,JAM,JOR,JPN,KAZ,KEN,KGZ,KHM,KOR,KWT,LAO,LBN,LBR,LBY,LCA,LKA,LSO,LTU,LUX,LVA,MAC,MAR,MDA,MDG,MDV,MEX,MKD,MLI,MLT,MMR,MNE,MNG,MOZ,MRT,MTQ,MUS,MWI,MYS,MYT,NAM,NCL,NER,NGA,NIC,NLD,NOR,NPL,NZL,OMN,PAK,PAN,PER,PHL,PNG,POL,PRI,PRK,PRT,PRY,PSE,PYF,QAT,REU,ROU,RUS,RWA,SAU,SDN,SEN,SGP,SLB,SLE,SLV,SOM,SRB,SSD,STP,SUR,SVK,SVN,SWE,SWZ,SYR,TCD,TGO,THA,TJK,TKM,TLS,TON,TTO,TUN,TUR,TZA,UGA,UKR,URY,USA,UZB,VCT,VEN,VIR,VNM,VUT,WSM,YEM,ZAF,ZMB,ZWE,TOTAL
2,ABW,0,0,0,0,0,0,0,7,1,0,0,0,0,0,24,1,0,0,0,0,0,0,0,1,0,0,0,0,50,1,0,0,0,0,0,0,0,26,0,0,2,0,0,0,7,0,1,84,0,0,0,0,0,0,0,0,0,0,3,0,0,1,0,0,0,0,0,0,0,0,0,0,0,0,0,0,0,0,0,0,0,0,3,0,0,0,0,0,1,0,0,1,0,0,0,0,0,0,0,0,0,4,0,0,0,0,0,0,0,0,0,0,3,1,0,0,0,0,0,0,0,0,0,0,0,0,0,0,0,0,0,15,0,0,3,0,0,2,0,22,0,0,0,0,4,0,0,0,0,0,0,0,0,0,0,0,0,0,0,0,0,0,0,0,0,0,0,1,0,0,0,0,0,0,0,0,0,1,0,0,0,0,0,0,587,0,0,46,0,0,0,0,0,0,0,0,903
3,AFG,0,0,0,0,161,3,0,2879,852,2,0,0,0,0,198,18,8,0,0,55,0,0,0,0,0,0,0,0,6230,227,0,5,0,0,0,0,0,18,0,0,0,0,1,30,12422,0,896,1,0,2,0,0,0,0,0,0,92,0,370,0,0,5562,0,0,0,0,0,0,0,45,0,0,0,0,0,0,0,0,0,149,0,0,55,339736,89,0,334,3,0,0,0,18,0,1,0,3,13,0,0,0,0,0,0,0,2,0,6,0,0,0,0,0,2,0,0,0,0,0,0,0,0,0,0,0,9,0,0,0,0,0,1,3800,164,0,208,0,0,0,0,223,0,12,1,0,1,0,0,0,0,0,1,145,0,0,0,0,0,0,0,0,0,0,0,0,0,25,2,616,0,38,0,0,10,1303,1,0,0,0,0,891,0,0,104,0,11470,0,0,2,0,0,0,0,0,4,0,0,389519
4,AGO,0,0,0,0,0,5,0,185,53,0,0,208,0,0,1278,1,0,1,0,0,0,1,1952,0,0,0,462,6,847,875,14,25,0,0,0,0,172,13,0,699,1,13,9,22,110,0,36,9,0,3,0,178,0,930,0,0,33,0,2365,0,113,4244,0,0,0,1,0,0,22,2,0,0,0,0,0,0,0,0,0,21,0,0,233,0,0,7,3,514,0,0,0,0,0,0,0,1,0,0,0,0,0,0,0,0,0,162,0,0,0,0,0,0,15,0,9,0,0,0,0,0,0,0,0,42,0,0,11441,0,0,22,1,937,38,0,85,0,0,5,2,758,0,5,1,0,39119,1,0,0,0,0,1,56,302,0,0,0,0,0,0,0,0,0,0,106,0,11,1,101,31,0,0,0,4,0,0,0,0,0,0,1,174,0,0,0,2892,0,0,87,0,96,0,0,0,5610,58976,0,136759
5,ALB,0,0,0,0,0,0,0,84,0,0,0,0,0,0,0,121,0,0,3817,0,0,0,0,0,0,0,0,0,2483,0,0,1,0,0,0,0,0,0,0,0,1,0,26,26,895,0,34,3,0,5,0,0,0,260,0,0,14,0,0,0,0,15,0,0,0,0,0,0,0,173051,0,0,0,0,0,0,0,0,0,22,0,0,127,0,0,4,0,75841,0,0,0,0,0,0,0,0,0,0,0,0,0,0,0,0,0,0,1,0,0,0,0,0,1,6926,0,13,0,0,0,0,0,0,0,0,0,0,0,0,0,0,0,33,61,0,10,0,0,4,0,0,0,0,0,0,10,0,0,0,0,0,0,0,0,0,0,0,0,0,0,0,0,559,0,0,0,7,54,0,0,0,0,0,0,0,0,0,0,0,0,0,0,0,0,0,18069,0,0,0,0,20,0,0,0,18,0,0,282616
6,ARE,6,0,0,0,0,1,0,2099,86,0,0,10,0,0,78,27,1264,1,0,0,0,1,22,6,2,1,0,0,6277,94,88,13,25,0,0,0,0,39,0,0,8,1,145,16,7,0,184,10,163,1,38,0,0,166,0,0,28,0,176,0,0,15,0,2,0,1,0,0,0,7,0,0,0,0,2,101,6,1,2,151,0,9184,240,0,294,3,65,35,13,65,25,0,11,0,338,4,7310,0,1,27,999,2,0,0,8,1,2,0,0,0,0,0,598,0,0,18,0,0,0,0,28,0,0,13,17,0,0,0,0,0,1,36,82,0,452,1852,0,9,4,614,0,48,156,1,19,1,3432,0,2243,0,51,107,7,0,151,0,0,0,3,0,0,1,2309,0,10,14,5,246,0,0,0,1,1475,0,0,0,0,9,0,29,1,615,0,0,8277,0,1,8,0,14,0,0,0,67,0,1,53024
7,ARG,1,0,0,14,1,0,0,4804,229,0,0,176,0,0,591,97,0,11,167,1,0,5191,7301,1,0,1,6,0,7160,604,17,12481,134,0,0,0,0,1136,0,23,601,0,51,117,1910,0,284,2701,0,20,0,0,0,69102,1,0,45,0,1385,0,0,1244,0,4,0,12,0,0,195,479,0,0,9,0,4,56,68,235,645,737,0,0,1144,48,2,46,2976,237,5,1,433,5,0,0,17,0,0,0,2,215,0,2,0,0,0,192,13,0,0,0,3,0,5293,4,0,13,0,0,0,0,0,4,16,0,0,0,0,9,0,0,0,189,123,0,355,0,0,421,228,434,0,8,657,5,653,13699,0,9,0,0,42,21,1,0,0,0,0,0,1,0,0,621,3,0,4,316,379,450,0,0,0,1,167,0,0,0,0,4,0,30,4,44,4,4946,62432,1,0,3216,0,50,0,0,0,273,0,0,220523
8,ARM,0,0,0,4,0,498,0,740,1056,737,0,29,0,0,3,524,0,0,4,2394,0,1,0,0,0,0,0,0,901,183,0,4,9,0,0,0,0,17,0,1,6,0,588,441,14054,0,248,7,0,5,0,0,0,1103,187,0,411,0,2521,0,1,121,0,0,0,0,0,0,0,4927,0,0,0,0,0,0,1,0,0,121,0,0,113,4635,25,7,1608,344,0,2,34,2433,0,591,7,15,0,0,1,0,1,0,0,0,156,3,633,0,0,41,0,0,174,0,0,13,0,0,0,0,0,0,0,0,0,0,0,0,0,0,0,177,62,0,44,0,0,10,1,235,0,361,0,0,87,0,0,0,0,0,14,151835,0,0,0,0,0,0,2,0,0,21,0,0,0,126,10,186,0,0,0,0,0,0,266,0,0,0,0,1130,0,31,29359,0,35394,2286,0,19,0,0,0,0,0,8,0,0,264347
9,AUS,0,0,0,30,0,28,0,0,163,0,0,159,0,0,88,72,0,22,8862,0,0,10,142,6,114,7,7,0,3662,129,7,342,843,1,0,0,0,43,0,0,27,0,2925,182,2695,0,381,77,0,0,0,0,2,3000,2,0,86,4,92,0,0,17733,0,3,3,0,0,0,9,9546,0,0,0,0,0,3365,2,365,9,2319,0,0,2472,1023,4,28,313,756,0,6,1572,5,15,0,2242,205,0,4,8,65,0,4,0,0,0,28,29,35,0,0,0,0,340,0,0,371,0,0,0,0,0,0,28,24,420,0,0,15,0,326,0,382,270,0,7020,0,0,21,58,683,0,0,17,25,391,9,0,7,0,0,15,32,307,0,0,0,2268,0,0,0,0,2890,25,0,0,2257,1023,302,5,0,0,3,13003,0,0,0,0,0,0,0,0,13,9,0,24881,0,0,47,0,110,0,84,0,215,2,0,124276
10,AUT,0,0,0,12,0,0,0,461,0,0,0,190,0,0,701,22,0,2,34507,0,0,3,1,0,0,2,0,0,211,2449,0,12,0,0,0,0,0,8,0,0,14,0,32,2335,138,0,154,153,0,0,0,0,0,1248,0,0,28,0,332,0,0,3097,0,0,18,0,0,0,3,33,0,0,0,0,0,8,2,667,34,1567,0,0,163,1507,8,12,150,348,0,0,34,0,3,0,280,2,0,0,0,156,0,0,0,0,0,6,21,0,0,0,0,0,121,1,0,11,0,0,0,0,0,0,0,2,1,0,1,0,1,0,0,24,253,3,48,0,0,8,0,407,0,0,12,0,77,8,0,0,0,0,5,62,341,0,0,0,6,0,0,0,0,8321,59,0,0,2170,1938,522,0,0,0,37,1157,0,0,0,0,0,0,297,2,15,0,0,474,0,0,39,0,54,0,0,0,37,0,0,67648
11,AZE,0,0,0,2,0,40,3,285,291,0,0,29,0,0,3,431,0,1,5,1635,0,3,14,0,0,0,0,0,446,78,0,11,10,0,0,0,0,10,0,1,5,0,82,143,12275,0,61,14,0,1,0,0,0,284,30,0,335,0,142,0,0,210,0,0,0,0,0,0,0,144,0,0,0,0,0,18,0,8,2,141,0,0,154,427,4,9,3184,200,0,4,29,1818,0,225,3,16,0,0,3,5,1,0,0,0,0,1,1244,1,0,0,0,0,29,0,0,5,1,0,0,0,0,0,2,0,1,0,0,0,0,0,0,131,52,1,53,0,0,4,1,5,0,158,0,0,84,2,0,0,0,0,12,80946,3,0,0,0,1,0,1,0,0,28,0,0,0,56,11,102,0,0,0,2,9,0,0,0,0,0,0,2466,1,4,15649,0,10005,0,0,8,0,1,0,0,0,73,0,0,134428
12,BDI,0,0,0,0,0,0,0,2,0,0,0,10,0,0,0,0,0,0,0,0,0,0,0,0,0,0,0,0,429,0,0,0,0,0,0,0,0,0,0,0,0,0,1,0,6,0,51,1,0,0,0,309,0,0,0,0,0,0,0,0,0,0,0,0,0,0,0,0,0,0,0,0,0,0,0,0,0,0,0,0,0,0,11,0,0,0,0,81,0,0,0,0,10,0,0,0,0,0,0,0,0,0,0,0,0,0,0,0,0,0,0,0,0,0,0,0,0,0,0,0,0,0,0,1293,0,0,0,0,0,0,0,20,0,0,5,0,0,1,0,0,0,0,0,0,2,0,0,0,0,0,0,0,382330,0,0,0,0,0,0,0,0,0,0,3,0,0,1,0,29,0,0,23,0,0,0,0,0,0,0,0,42482,0,0,0,28,0,0,0,0,0,0,0,0,99,164,0,427391
13,BEL,0,0,0,2,2,57,0,294,207,0,12,0,80,1,405,60,0,6,759,0,0,36,5,0,0,0,0,0,172,449,0,9,1,0,0,0,0,58,0,6,50,0,76,138,1700,0,364,140,2,0,0,0,0,14741,0,0,38,0,3939,0,17,5314,0,3,151,23,0,0,502,1581,0,0,30,0,1,9,7,68,4,487,0,0,340,502,6,28,384,127,4,0,5,7,1,0,141,1,1,0,0,203,6,0,0,0,0,1159,7,0,0,0,0,0,567,15,0,13,0,0,0,0,0,12,0,0,0,0,0,0,20,12,0,988,132,0,107,0,0,7,0,281,0,0,112,0,614,19,0,0,0,0,2,0,2138,1,0,0,0,0,1,0,1,181,0,0,0,72,87,149,0,0,0,388,584,0,0,0,0,3,0,0,0,17,0,0,4132,1,0,14,0,38,0,0,0,6,0,0,45642
14,BEN,0,0,0,0,0,0,0,6,6,0,0,0,0,371,0,4,0,0,0,0,0,0,0,0,0,0,0,0,116,11,0,1,0,0,0,0,0,0,0,0,0,0,1,4,136,0,9,5,0,0,0,0,0,31,0,0,0,0,437,0,2343,3,0,1705,0,0,0,0,0,0,0,0,0,0,0,0,0,0,0,5,0,0,15,0,0,0,0,409,0,0,0,0,0,0,0,0,0,0,0,53,0,0,0,0,0,0,0,0,0,0,0,0,0,0,0,0,0,0,0,0,0,0,0,0,0,0,0,0,7005,17272,0,17,0,0,1,0,0,1,0,0,0,0,0,0,8,0,0,0,0,0,0,2,0,0,0,0,0,0,59,0,0,0,0,24,0,13,0,2,0,0,0,28815,0,0,0,0,0,0,0,0,0,0,0,0,129,0,0,0,0,0,0,0,0,2,0,0,59021
15,BFA,0,0,0,0,0,5,0,24,29,0,0,1,3717,0,0,2,0,1,0,0,0,0,0,0,0,0,0,5,441,51,0,1,0,240742,0,0,0,1,0,1,0,0,1,2,893,0,27,0,0,0,0,0,0,236,0,0,5,0,772,0,828,384,0,15364,3,0,0,0,0,1,0,0,0,0,0,0,0,0,0,1,0,0,20,0,0,0,0,2859,0,0,14,0,0,0,0,0,0,0,0,820,0,0,0,0,0,0,0,0,0,0,0,0,1,0,1,0,0,0,0,0,0,0,0,0,0,0,0,0,10746,1479,0,140,9,0,4,0,0,1,0,0,0,0,0,0,2,0,0,0,0,0,0,112,0,0,0,0,0,0,53,0,0,0,0,5,0,1,1,14,0,0,0,2412,0,0,0,0,0,0,0,0,0,0,0,0,1506,0,0,0,0,0,0,0,0,0,0,0,283738
16,BGD,19,1,0,0,54331,89,0,7603,709,0,0,297,0,0,0,161,4324,2,4,3,12,20,219,5,634,114,16,0,21296,273,1,101,1747,0,0,0,0,91,0,2,64,0,200,148,2066,0,373,119,60,4,2,3,0,1476,2,0,253,396,1315,0,1,57736,0,2,0,5,0,0,3,1707,0,0,14,25,19,16715,54,9,24,303,0,465074,1163,132,7,21,279,13528,51,2434,4818,11,0,0,5369,5154,21597,29,1847,237,327,4,0,0,0,9,13,987,1,0,23,0,5091,4,1,13,2674,0,0,0,1,3,472,0,30575,2,0,13,3,3,0,610,304,1381,1504,3,37233,128,1,1349,1,11,1223,62,221,7,2,13,5786,11,37,4,24,14,0,0,20662,37,12,0,0,14,8,0,26,34,10,1068,0,0,0,7,141250,0,0,0,1,37,0,88,0,187,0,0,110884,0,3,171,0,1173,0,4,0,595,2,0,1063344
17,BGR,0,0,0,0,0,0,0,837,2214,0,0,210,1,0,959,0,0,0,78,0,0,4,18,0,0,0,0,0,4438,394,0,31,0,0,0,0,0,22,0,0,24,0,1200,1177,4023,0,305,162,0,4,0,0,0,1963,0,0,130,0,1212,0,0,763,0,0,0,0,0,0,0,20303,0,0,0,0,0,0,0,0,0,218,0,0,619,16,0,41,2442,5435,0,0,0,0,0,0,1,0,0,0,0,1,0,0,0,0,1,39,0,0,0,0,0,0,161,111,0,107,0,0,0,0,0,0,0,0,0,0,0,0,0,0,0,516,326,0,181,0,0,38,0,555,0,100,0,0,281,0,0,0,0,0,0,0,2,0,0,0,0,0,0,0,0,445,3,0,0,626,47,716,2,0,0,0,3,0,0,0,0,0,0,45080,0,1,0,0,21829,0,0,34,0,71,0,0,0,156,0,0,120676
18,BHR,1,1,0,0,314,8,0,428,9,0,0,2,0,0,11341,2,0,0,0,0,0,0,3,1,0,0,0,0,858,27,12,3,4,0,0,0,0,5,0,0,2,0,41,8,16,0,46,15,0,0,0,0,0,26,0,0,2,0,25,0,0,19,0,0,0,0,0,0,0,2,0,0,0,0,0,14,1,0,0,6,0,1,66,1,3,1,13,10,2,96,4,3,2,0,40,1,156,0,95,4,1,0,0,0,0,0,0,0,0,0,0,0,83,2,0,3,0,0,0,0,0,0,0,2,3,0,0,0,0,0,0,50,13,0,112,0,36,3,1,5723,0,0,22,0,11,0,56,0,47,0,0,18,1,0,44,0,3,0,0,0,1,0,276,0,1,3,0,22,0,0,0,0,176,0,0,0,0,1,0,8,0,73,0,0,1267,0,0,0,0,687,0,0,0,21,0,0,22510
19,BHS,0,0,0,0,0,0,0,37,1,0,0,0,0,0,0,0,0,0,0,0,0,0,1,14,0,0,0,0,150,3,0,1,0,0,0,0,0,4,0,0,4,0,0,0,1,0,3,34,0,0,0,0,0,1,0,0,1,0,2,0,0,21,0,0,0,0,0,0,0,8,8,0,0,0,4,5,2,0,1,4,0,0,15,1,0,0,0,9,242,0,0,0,0,0,0,0,0,0,0,1,0,3,0,0,0,0,0,0,0,0,0,0,122,0,0,1,0,0,0,0,0,0,0,0,0,0,0,0,0,0,0,11,2,0,11,0,0,20,0,1,0,0,46,0,11,0,0,0,0,0,0,0,0,0,0,0,4,0,0,0,0,0,0,0,0,2,0,2,0,0,0,0,0,0,0,0,0,1,0,0,0,0,0,0,7369,0,0,2,0,0,0,0,0,0,0,0,8186
20,BIH,0,0,0,0,0,0,0,0,0,0,0,0,0,0,0,0,0,0,0,0,0,0,0,0,0,0,0,0,0,0,0,0,0,0,0,0,0,0,0,0,0,0,0,0,0,0,0,0,0,0,0,0,0,0,0,0,0,0,0,0,0,0,0,0,0,0,0,0,0,0,0,0,0,0,0,0,0,0,0,0,0,0,0,0,0,0,0,0,0,0,0,0,0,0,0,0,0,0,0,0,0,0,0,0,0,0,0,0,0,0,0,0,0,0,0,0,0,0,0,0,0,0,0,0,0,0,0,0,0,0,0,0,0,0,0,0,0,0,0,0,0,0,0,0,0,0,0,0,0,0,0,0,0,0,0,0,0,0,0,0,0,0,0,0,0,0,0,0,0,0,0,0,0,0,0,0,0,0,0,0,0,0,0,0,0,0,0,0,0,0,0,0,0,0,0,0,0
21,BLR,0,0,0,0,0,20,0,101,75,0,0,22,0,0,0,32,0,0,2,0,0,0,0,0,0,0,0,0,151,7,0,0,0,0,0,0,0,1,0,0,0,0,16,120,3680,0,14,1,0,0,0,0,0,52,0,0,8,0,38,0,0,51,0,0,0,0,0,0,0,46,0,0,0,0,0,0,0,0,0,40,0,0,174,0,0,0,462,261,0,0,0,1,0,53,0,0,0,0,0,0,0,0,0,0,0,1,8722,0,0,0,0,0,0,0,0,2,0,0,0,0,0,0,0,0,0,0,0,0,0,0,0,4,8,0,8,0,0,1,0,0,0,1327,0,0,17,0,0,0,0,0,0,36386,0,0,0,0,0,0,0,0,0,14,0,0,0,41,13,36,0,0,0,0,0,0,0,0,0,0,0,4,0,0,15,0,4078,0,0,0,0,0,0,0,0,11,0,0,56116
22,BLZ,0,0,0,0,0,0,0,7,2,0,0,0,0,0,0,0,0,0,0,0,0,59,0,0,0,0,0,0,212,0,0,1,0,0,0,0,0,2,0,0,3,0,0,0,0,0,0,17,0,0,0,0,0,2,0,0,1,0,0,0,0,273,0,0,0,0,0,0,0,0,0,0,0,0,0,3,72,0,0,0,0,0,2,0,0,1,0,5,3,0,0,0,0,0,0,0,0,0,0,0,0,0,0,0,0,0,0,0,0,0,0,0,282,0,0,0,0,0,0,0,0,0,0,0,0,0,0,0,0,0,0,2,0,0,4,0,0,22,0,0,0,0,13,0,1,0,0,0,0,0,0,0,0,0,0,0,2,0,0,0,0,0,0,0,0,1,0,1,0,0,0,0,0,0,0,0,0,0,0,0,0,0,0,0,9950,0,0,2,0,0,0,0,0,0,0,0,10945
23,BOL,0,0,0,0,0,72520,0,194,63,0,0,1,0,0,276,4,0,0,1,0,0,0,6827,0,0,0,0,0,735,148,0,3643,0,0,0,0,0,206,0,0,95,0,4,13,37,0,63,160,0,18,0,0,0,1944,0,0,15,0,131,0,0,7,0,0,0,0,0,0,0,5,0,7,0,0,0,1,30,0,1,24,0,0,16,0,0,5,0,977,0,0,0,12,0,1,0,0,0,0,0,6,0,0,0,0,0,0,0,0,0,0,0,0,549,0,0,0,0,0,0,0,0,0,0,1,0,0,0,0,0,0,0,127,108,0,38,0,1,36,15,241,0,1,49,0,22,352,0,0,0,0,0,0,6,0,0,0,1,0,0,0,0,2,0,0,0,16,7,431,0,0,1,0,1,0,0,0,0,0,0,0,0,1,0,0,24241,2,0,333,0,0,0,0,0,7,0,0,114779
24,BRA,0,0,0,3,0,5,0,579,42,0,0,248,0,0,2539,19,0,6,14,4,0,1990,0,0,0,0,0,0,2456,4,0,1357,18463,0,0,0,0,279,0,24,105,0,15,56,2626,0,307,311,0,0,0,0,0,11592,1,0,36,0,5,0,0,107,0,0,0,0,0,0,19,142,0,11,287,0,384,2,16,39,26,765,0,0,1293,0,0,15,245,113,0,1,49224,0,0,0,0,0,0,0,2,16,0,2,0,0,0,2,3,0,0,0,0,0,949,0,0,6,0,0,0,0,0,13,0,0,0,0,0,0,0,0,0,893,280,0,213,0,0,137,0,1569,0,1,66,617,8743,5,0,0,0,0,1,92,0,0,0,0,0,0,0,0,0,29,0,0,598,283,17,78,0,0,0,0,1,0,0,0,0,0,0,1,0,2,0,35,77559,0,0,684,0,210,0,0,0,235,0,0,189117
25,BRB,0,0,0,0,0,0,0,0,0,0,0,0,0,0,0,0,0,0,0,0,0,0,0,0,0,0,0,0,0,0,0,0,0,0,0,0,0,0,0,0,1,0,0,2,0,0,2,4,0,0,0,0,0,0,0,0,0,0,0,0,0,1669,0,0,0,0,0,0,0,0,27,0,0,0,39,0,0,0,0,1,0,0,7,0,0,1,0,5,93,0,0,0,0,0,0,0,0,0,0,0,0,99,0,0,0,0,0,0,0,0,0,0,0,0,0,1,0,0,0,0,0,0,0,0,0,0,0,0,0,0,0,6,4,0,14,0,0,0,0,0,0,0,1,0,4,0,0,0,0,0,0,0,0,0,0,0,0,0,0,0,0,0,0,0,0,1,0,0,0,0,0,0,0,0,0,0,0,0,0,0,0,0,0,0,2530,0,57,0,0,0,0,0,0,0,0,0,4568
26,BRN,0,0,0,0,0,0,0,391,0,0,0,0,0,0,0,0,0,0,0,0,0,0,0,0,0,0,0,0,387,3,0,0,0,0,0,0,0,1,0,0,0,0,1,0,0,0,0,0,0,0,0,0,0,0,0,0,0,0,2,0,0,0,0,0,0,0,0,0,0,0,0,0,0,0,0,12,0,0,0,0,0,6317,9,0,0,0,0,3,0,0,0,0,0,0,383,1,0,0,0,0,0,0,0,0,0,0,0,0,0,0,0,0,0,0,0,0,0,0,0,0,0,0,0,0,0,0,0,0,0,0,0,135,3,0,78,0,0,1,0,368,0,0,0,0,0,0,0,0,0,0,0,0,0,0,0,0,16,0,0,0,0,0,0,0,0,0,0,0,0,0,0,0,1071,0,0,0,0,0,0,0,0,0,0,0,254,0,0,0,0,42,0,0,0,0,0,0,9478
27,BTN,0,0,0,0,0,0,0,3,0,0,0,0,0,0,0,1,0,0,0,0,0,0,0,0,0,0,0,0,7,0,0,0,0,0,0,0,0,0,0,0,0,0,0,0,0,0,0,0,0,0,0,0,0,0,0,0,0,0,0,0,0,0,0,0,0,0,0,0,0,0,0,0,0,0,0,0,0,0,0,0,0,0,1,0,0,0,0,1,0,0,0,0,0,0,0,0,0,0,0,0,0,0,0,0,0,0,0,0,0,0,0,0,0,0,0,0,0,0,0,0,0,0,0,0,0,0,0,0,0,0,0,0,1,19336,1,0,0,1,0,0,0,0,0,0,0,0,0,0,0,0,0,0,0,0,0,0,0,0,0,0,0,0,0,0,0,0,0,0,0,0,0,0,0,0,0,0,0,0,0,0,0,0,0,0,2,0,0,0,0,0,0,0,0,0,0,0,19354
28,BWA,0,0,0,0,0,0,0,387,1,0,0,1,0,0,13,1,0,0,0,0,0,0,10,3,0,0,0,0,35,1,23,5,5,0,0,0,0,4,0,0,3,0,12,0,0,0,2,3,0,0,0,0,0,40,0,0,0,0,2,0,0,0,0,1,0,0,0,0,0,0,0,0,0,0,1,20,2,0,1,2,0,1,0,0,0,0,7,0,5,0,6,0,0,0,1,1,0,0,0,12,0,1,0,0,0,0,0,0,0,0,0,0,169,0,0,2,0,0,0,0,0,0,0,18,4,0,0,0,0,0,0,1,1,0,54,0,0,2,0,55,0,0,49,0,2,0,0,0,0,0,0,0,4,0,0,0,0,0,1,0,0,0,0,0,0,0,0,2,0,0,0,0,4,0,0,0,0,4,0,1,0,8,0,0,304,0,1,1,0,3,0,0,0,27,0,3,1332
29,CAF,0,0,0,0,0,1,0,8,4,0,0,6,44,0,0,0,0,0,0,0,0,0,4,0,0,0,0,0,89,22,0,2,0,0,2,0,574,3,0,0,1,0,2,0,65,0,2,3,0,0,0,0,0,30,0,0,1,0,1056,0,31,32,0,1,0,5,0,0,80,3,0,0,4,0,0,4,0,0,0,3,0,0,8,0,0,0,6,48,1,0,1,3,2,0,0,0,0,0,0,5,0,0,0,0,0,3,0,0,0,0,1,0,44,0,20,0,0,0,0,0,0,2,1,0,0,2,0,2,8,117,0,10,2,0,2,0,0,2,0,2,0,0,12,0,39,0,0,2,0,8,0,11,6,0,0,0,0,0,0,0,0,0,538,13,1,1,13,2,0,0,1348,103,2,0,0,0,0,0,0,1,5,137,0,0,287,1,0,1,0,0,0,0,0,12,0,0,4917
30,CAN,6,0,0,17,0,211,0,3161,128,0,0,386,0,0,103,51,0,395,6101,68,0,144,346,162,0,8,4,0,0,144,0,597,1300,0,0,0,0,291,0,1,996,0,357,510,2929,0,467,1259,21,1,0,3,0,1967,15,0,140,0,53,0,7,4016,0,19,0,27,0,0,3,3054,79,0,0,0,100,12596,131,241,295,4395,0,0,1782,0,0,78,606,494,500,6,1201,0,125,0,1763,842,0,0,10,406,96,56,0,0,0,10,21,180,0,0,0,0,11773,0,0,116,0,0,0,0,0,0,0,17,39,0,0,0,0,0,0,406,275,0,1493,0,0,349,2,569,0,7,2238,39,1407,5,0,9,0,0,58,977,4519,0,0,0,6076,0,15,0,0,1285,0,0,1,1597,464,309,5,0,0,2,9144,0,0,0,0,53,0,4,0,170,0,0,190436,0,76,184,0,244,0,1,0,274,0,0,290119
31,CHE,3,0,0,42,0,4,0,1608,1398,0,0,78,1,0,16,30,0,43,17563,0,0,70,493,1,0,5,0,0,3561,0,0,253,85,0,0,0,0,111,0,7,164,0,67,501,1858,1,460,675,0,5,0,1,0,21954,1,0,90,0,4254,0,0,4539,0,17,57,16,0,0,13,240,0,0,1,0,3,159,19,857,152,1357,0,0,492,1048,5,29,335,899,11,11,201,1,9,0,908,7,0,0,1,459,0,1,0,0,0,704,9,0,0,0,7,0,1489,1,0,15,0,0,0,0,0,0,0,9,8,0,8,0,3,0,0,809,534,16,437,0,0,69,0,69,0,1,287,3,4286,57,0,13,0,0,9,10,1683,0,0,0,0,0,2,0,0,5371,78,0,1,691,921,326,0,0,0,157,4363,0,0,0,0,9,0,314,22,25,0,0,11222,0,1,85,0,6,0,0,0,47,0,0,101427
32,CHI,0,0,0,0,0,0,0,156,0,0,0,0,0,0,0,0,0,0,0,0,0,0,0,0,0,0,0,0,0,0,0,0,0,0,0,0,0,0,0,0,25,0,0,0,0,0,0,0,0,0,0,0,0,0,0,0,0,0,0,0,0,9025,0,0,0,0,0,0,0,0,0,0,0,0,0,0,0,0,0,0,0,0,0,0,0,0,0,0,0,0,0,0,0,0,0,0,0,0,0,0,0,0,0,0,0,0,0,0,0,0,0,0,0,0,0,0,0,0,0,0,0,0,0,0,0,0,0,0,0,0,0,0,0,0,100,0,0,0,0,0,0,0,0,0,0,0,0,0,0,0,0,7,0,0,0,0,0,0,0,0,0,0,0,0,0,0,0,0,0,0,0,0,0,0,0,0,0,0,0,0,0,0,0,0,0,0,0,0,0,0,0,0,0,0,0,0,9313
33,CHL,0,0,0,0,0,0,0,5,2,1,0,0,0,0,4,1,0,0,1,0,0,0,1,0,0,0,0,0,9,0,0,0,0,0,0,0,0,9,0,0,3,0,0,3,9,0,4,8,0,0,0,0,0,309,0,0,0,0,3,0,0,25,0,0,0,0,0,0,3,0,0,0,0,0,0,1,1,1,2,54,0,0,9,10,0,0,1,7,0,0,0,50,0,3,2,0,0,0,0,8,1,0,0,0,0,0,0,0,0,1,0,0,91,0,0,0,0,0,0,0,1,0,0,0,0,1,0,1,0,2,0,4,1,1,6,0,0,9,1,24,0,0,2,0,6,0,1,0,0,0,0,9,14,0,0,0,0,0,0,0,0,1,1,0,0,19,0,1,0,0,0,0,12,0,1,0,0,0,0,0,6,4,5,0,480,8,0,1,0,0,0,0,0,0,0,0,1264
34,CHN,172,0,0,0,0,1314,0,25324,598,0,0,425,0,0,0,28,0,13,15,0,242,77,1489,0,117,169,205,0,98871,5,0,531,0,0,0,0,0,310,0,9,22,0,166,178,7442,0,910,831,0,70,0,35,0,0,22,0,526,0,0,0,5,9043,0,11,0,0,0,0,0,166,0,0,178,102,195,318784,75,0,109,3064,0,0,2792,0,0,57,0,12477,0,1370,40522,144,0,0,1541,17160,0,125,1320,0,0,7,0,0,0,0,106,20143,0,0,0,0,610,0,0,30,8197,0,0,0,0,11,5552,0,0,0,0,0,0,0,0,2756,761,4968,9141,0,0,1433,0,7140,0,0,575,944,573,0,0,23,0,0,440,0,126,0,0,0,14361,0,63,0,0,83,0,0,427,53,92,481,0,0,0,0,917,0,0,0,11,0,0,0,0,216,0,0,276024,0,0,2571,0,1868,0,0,0,2734,21,0,912814
35,CIV,0,0,0,0,0,0,0,242,128,0,0,260,6137,140370,0,2,0,8,0,0,0,0,0,0,0,0,0,14,2404,318,0,4,0,0,0,0,0,2,0,17,1,0,4,8,1575,0,332,3,0,1,0,0,0,1016,0,0,71,0,10869,0,572,2843,0,2286,273,0,0,17,0,25,0,0,0,0,0,0,0,0,0,24,0,0,210,0,0,4,0,8278,0,0,105,0,0,0,0,0,0,0,0,15698,0,2,0,0,0,4,1,0,0,0,0,0,0,0,19313,2,0,0,0,0,10,0,0,0,0,0,0,0,200,3663,0,667,194,0,25,0,0,3,0,0,0,1,0,0,69,0,0,0,0,0,0,9,0,0,0,14,0,0,929,0,0,0,0,1,0,9,3,336,0,0,0,15644,2,0,0,0,0,0,0,1,0,44,0,0,16646,0,0,4,0,0,0,0,0,112,0,0,252029
36,CMR,0,0,0,0,0,0,0,3,58,0,0,161,0,0,0,1,0,0,0,0,0,1,0,0,0,0,0,0,1059,181,0,0,0,0,0,0,0,2,0,0,1,0,9,1,2838,0,57,2,0,0,0,0,0,521,0,0,9,0,2003,0,2699,1309,0,12,0,0,0,0,246,8,0,0,0,0,0,0,0,0,0,79,0,0,192,0,0,1,0,1455,0,0,0,0,0,0,0,0,0,0,0,0,0,0,0,0,0,2,0,0,0,0,0,0,1,0,0,1,0,0,0,0,0,0,0,0,0,0,0,0,149,9167,0,200,52,0,8,0,0,0,1,0,0,0,0,0,21,0,0,0,0,0,0,0,0,0,0,0,0,0,0,0,0,0,0,50,0,2,2,15,0,0,312,0,0,0,0,0,0,0,0,0,0,0,0,0,6037,0,0,1,0,0,0,0,0,24,4,0,28957
37,COD,0,0,9864,0,442,6,0,455,448,0,27303,8803,0,0,1731,8,37,0,0,0,0,6,2312,0,0,0,1680,10858,11367,1840,0,37,0,0,0,0,116616,27,0,765,2,22,296,47,12195,0,241,15,0,5,12,1576,0,2744,0,39,327,0,27997,0,3376,14244,0,16,0,0,0,0,0,8,0,0,0,0,0,0,0,0,0,42,0,0,360,0,63,10,0,2698,0,6,0,0,2168,0,0,0,197,0,8,0,169,0,0,0,0,63,1,0,16,0,0,0,25,0,12,3,0,0,0,652,20,0,0,1880,0,0,11300,0,3,0,10,5026,298,0,66,0,0,10,3,1004,0,32,0,0,54197,0,0,0,60,0,1,93,658321,0,2019,0,0,0,0,0,1,0,106658,484,0,22,3,908,153,1,557,99,3,0,0,0,0,0,0,17,102359,146283,0,0,7895,0,0,62,0,129,0,0,20,13886,123738,990,1502871
38,COG,0,0,170,0,14,77,0,167,193,0,2,208,783,12,0,5,1,2,1,1,0,3,86,0,0,0,0,482,626,1956,5,51,0,0,53,1413,0,20,5,2,11,8,4,33,1153,0,76,25,0,7,25,3,1,1053,0,0,12,0,26545,0,4910,103,0,30,0,155,0,0,676,203,0,0,131,0,0,26,1,2,5,61,0,0,1234,0,0,1,153,2655,0,3,20,0,0,0,12,8,6,0,1,19,177,0,0,0,1,21,2,1,0,0,49,0,91,0,1476,5,1,0,0,0,0,78,18,844,0,84,0,84,250,309,2,411,28,0,60,0,0,6,2,429,0,30,8,0,1617,2,0,88,2,296,3,139,15722,0,0,0,1,4,3,0,0,10,0,62,17,9,4,102,39,0,394,1072,22,0,0,0,0,0,0,13,11187,13,0,3,1799,0,0,20,0,0,0,0,0,4436,1544,0,88799
39,COL,2216,0,0,0,0,145,0,425,0,0,0,13,0,0,0,2,0,0,2,0,0,202,876,0,0,0,0,0,3084,0,0,966,0,0,0,0,0,0,0,0,1145,0,10,7,223,0,313,617,0,0,0,0,0,9802,0,0,57,0,0,0,0,10,0,0,0,0,0,0,1,2,0,0,0,0,0,0,133,0,185,42,0,0,3,0,0,15,95,2,1,0,0,0,0,0,1,0,0,0,0,10,0,0,0,0,0,0,0,0,0,0,0,0,1265,0,0,0,0,0,0,0,0,0,0,0,0,0,0,0,0,0,0,229,400,0,26,0,0,3438,0,0,0,0,526,0,71,17,0,0,0,0,0,0,13,0,0,0,0,0,0,0,0,1,0,0,0,11,4,0,0,0,0,1,8,0,0,0,0,0,0,0,0,0,0,0,99108,0,0,44445,0,0,0,0,0,0,0,0,170168
40,COM,0,0,0,0,0,0,0,6,0,0,0,0,0,0,0,0,0,0,0,0,0,0,0,0,0,0,0,0,9,1,0,0,0,0,0,0,0,0,0,0,0,0,0,0,0,0,0,0,51,0,0,31,0,0,0,0,1,0,125,0,0,0,0,0,0,0,0,0,0,0,0,0,0,0,0,0,0,0,0,0,0,0,0,0,0,0,0,2,0,0,0,0,0,0,0,0,0,0,0,0,224,0,0,0,0,0,0,0,0,0,0,0,0,0,0,0,0,0,0,0,0,0,0,0,0,6757,0,0,0,0,0,3,0,0,0,0,0,1,0,0,0,0,0,0,1,0,0,0,0,319,0,0,0,0,0,0,0,0,0,0,0,0,0,0,0,0,0,1,0,0,0,0,0,0,0,0,0,0,0,0,7,0,0,0,12,0,0,0,0,0,0,0,0,0,0,0,7551
41,CPV,0,0,0,0,0,1,0,2,1,0,0,3,0,0,0,0,0,0,0,0,0,0,2,0,0,0,0,0,115,1,1,0,0,0,0,0,0,1,0,0,0,0,0,1,4,0,4,1,0,0,0,0,0,541,0,0,1,0,2,0,0,3,0,0,1,0,0,0,0,0,0,0,0,0,0,0,0,0,0,0,0,0,2,0,0,8,0,0,0,0,0,0,0,0,0,0,0,0,0,1,0,0,0,0,0,78,0,0,0,0,0,0,0,0,0,0,0,0,0,0,0,0,0,0,0,0,0,0,0,96,0,435,27,0,1,0,0,1,0,0,0,0,0,0,5019,0,0,0,0,0,0,0,0,0,0,0,0,0,1,0,0,0,0,2,0,0,1,13,0,0,0,0,0,0,0,0,0,0,0,0,0,0,0,0,7340,0,0,3,0,0,0,0,0,1,0,0,13714
42,CRI,0,0,0,0,0,2,0,105,1,0,0,0,0,0,3,0,0,14,0,0,28,2,7,0,0,0,0,0,564,4,0,3,0,0,0,0,0,32,0,0,0,0,0,1,4,0,5,70,0,2,0,0,0,120,0,0,1,0,14,0,0,2,0,0,0,0,0,0,0,0,0,0,0,0,0,0,0,0,28,2,0,0,2,6,0,1,1,125,4,0,0,0,0,0,0,0,0,0,0,0,2,0,0,0,0,0,0,0,0,0,0,0,147,0,0,0,0,0,0,0,0,0,0,0,0,0,0,0,0,0,0,5,2,0,3,0,0,52,0,2,0,0,47,0,2,1,0,0,0,0,0,0,4,0,0,0,0,0,0,0,0,0,0,0,0,0,0,24,0,0,0,0,4,0,0,0,0,0,0,0,0,0,0,0,18252,0,0,15,0,0,0,0,0,0,0,0,19715
43,CUB,2,0,0,0,0,443,0,39,14,0,0,55,0,0,75,25,0,56,4,2,0,174,544,0,0,0,0,0,1748,1,0,1360,2,0,0,0,0,258,0,22,606,0,5,86,1346,0,66,1759,0,0,0,0,1,14725,0,0,50,0,6,0,0,29,0,0,0,2,0,0,10,14,0,0,2,0,1,6,51,1,443,139,0,0,66,1,0,5,5,3822,335,0,5,0,0,1,0,1,0,0,0,5,0,4,0,0,0,1,20,0,0,0,0,0,3723,0,0,0,0,0,0,0,0,1,0,0,0,0,1,0,0,0,0,90,80,0,10,0,0,14,0,51,0,1,3247,0,129,36,0,1,0,0,0,62,1,0,0,0,1,0,0,0,0,2,1,0,1,54,6,41,0,0,0,0,4,0,0,0,0,1,0,1,0,1,0,0,119330,0,0,752,0,0,0,0,0,2,0,0,156087
44,CYP,0,0,0,0,0,0,0,0,0,0,0,0,0,0,0,0,0,0,2,0,0,0,0,0,0,0,0,0,0,0,0,0,0,0,0,0,0,0,0,0,0,0,0,0,0,0,0,0,0,0,0,0,0,0,0,0,0,0,0,0,0,0,0,0,0,0,0,0,0,0,0,0,0,0,0,0,0,0,0,0,0,0,0,0,0,0,0,0,0,0,0,0,0,0,1,0,0,0,0,0,0,0,0,0,0,0,0,0,0,0,0,0,0,0,0,0,0,0,0,0,0,0,0,0,0,0,0,0,0,0,0,0,0,0,0,0,0,0,0,0,0,0,0,0,0,0,0,0,0,0,0,0,0,0,0,0,0,0,0,0,0,0,7,0,0,0,0,0,0,0,0,0,7,0,0,0,0,0,0,0,0,2,0,0,0,0,0,0,0,0,0,0,0,0,0,0,19
45,CZE,0,0,0,0,0,0,0,0,0,0,0,46,0,0,0,35,0,0,62,0,0,0,0,0,0,0,0,0,0,0,0,9,0,0,0,0,0,0,0,0,0,0,26,0,12251,0,0,0,0,0,0,0,0,228,0,0,0,0,0,0,0,439,0,0,0,0,0,0,0,0,0,0,0,0,0,0,0,0,0,383,0,0,760,0,0,8,0,940,0,0,0,0,0,0,0,0,0,0,0,1,0,0,0,0,0,0,24,0,0,0,0,0,0,0,0,4,0,0,0,0,0,0,0,0,0,0,0,0,0,0,0,0,0,0,3,0,0,1,0,0,0,0,1,0,16,0,0,0,0,0,0,0,10,0,0,0,0,0,0,0,0,81,0,0,0,22931,11,0,0,0,0,0,1,0,0,0,0,0,0,0,0,0,0,0,709,0,0,1,0,0,0,0,0,42,0,0,39023
46,DEU,48,0,0,189,0,10,43,8263,23085,0,1,10086,0,0,367,558,0,48,49666,6,6,191,1751,12,2,5,38,0,22830,27185,0,847,22,0,0,0,0,485,0,15,487,0,1555,4454,0,0,7903,1843,0,103,0,1,0,89494,270,0,716,0,24079,0,6,57588,0,2,0,32,0,0,28,39769,0,0,2,0,19,448,143,2564,404,6980,0,0,4172,26153,129,328,2280,1321,109,1,361,8,28,0,1604,93,0,1,39,3556,0,21,0,0,33,698,1327,0,0,1,17,0,11083,3,0,152,0,0,0,0,0,1,49,1,63,0,0,1,0,6,0,10980,4181,0,1425,0,0,223,34,687,0,6070,2726,0,5827,220,0,40,0,0,348,9028,1961,0,0,0,3,0,58,0,0,18410,0,0,68,518,2636,7474,0,0,0,214,7819,0,0,0,0,83,0,18273,42,128,0,0,135902,1,6,558,0,92,0,9,0,5623,0,0,679955
47,DJI,0,0,0,0,0,0,0,0,0,0,0,0,0,0,0,0,0,0,0,0,0,0,0,0,0,0,0,0,0,0,0,0,0,0,0,0,0,0,0,0,0,0,0,0,0,0,0,0,0,0,0,0,0,0,0,0,0,0,0,0,0,0,0,0,0,0,0,0,0,0,0,0,0,0,0,0,0,0,0,0,0,0,0,0,0,0,0,0,0,0,0,0,0,0,0,0,0,0,0,0,0,0,0,0,0,0,0,0,0,0,0,0,0,0,0,0,0,0,0,0,0,0,0,0,0,0,0,0,0,0,0,0,0,0,0,0,0,0,0,0,0,0,0,0,0,0,0,0,0,0,0,0,0,0,0,0,0,0,0,0,0,0,0,0,0,0,0,0,0,0,0,0,0,0,0,0,0,0,0,0,0,0,0,0,0,0,0,0,0,0,0,0,0,0,0,0,0
48,DNK,0,0,0,0,0,17,0,237,78,0,0,499,0,0,61,6,0,12,5105,24,0,19,24,0,0,9,5,0,57,100,0,40,0,0,0,0,0,10,0,0,9,0,18,30,120,0,0,16,2,0,0,0,0,1886,12,0,44,0,45,0,0,3668,0,0,0,1,0,0,0,0,0,0,2,0,0,31,2,13,0,112,0,0,95,464,3,319,136,26,0,0,3,0,0,0,0,0,0,0,1,42,7,0,0,0,0,198,54,1,0,0,0,0,54,0,0,8,0,0,0,0,0,1,0,3,0,0,0,0,0,0,0,336,1706,1,32,0,0,12,14,237,0,0,0,0,42,4,1,0,0,0,0,1,129,0,0,0,24,0,0,0,0,915,3,0,0,10,16,3598,0,0,0,0,179,0,0,0,0,0,0,0,0,64,0,0,1171,0,0,15,0,1,0,0,0,1,0,0,22241
49,DOM,473,0,0,0,0,486,0,10,0,0,0,0,0,0,436,1,0,14,2,0,0,0,0,0,0,0,0,0,656,0,0,64,0,0,0,0,0,0,0,0,201,0,1,1,803,0,12,0,0,0,0,0,0,8663,0,0,8,0,0,0,0,0,0,0,1,0,0,0,0,0,0,0,0,0,0,0,1,0,573,11,0,0,4,0,0,2,0,1094,0,0,0,0,0,0,2,0,0,0,0,2,0,5,0,0,0,0,0,0,0,0,0,0,280,0,0,0,0,0,0,0,0,24,0,0,0,0,0,0,0,0,0,555,69,0,2,0,0,2224,0,268,0,0,17532,0,8,0,0,0,0,0,0,0,0,0,0,0,0,0,0,0,0,0,1,0,0,2,20,0,0,0,0,2,9,0,0,0,0,0,0,0,0,0,0,0,166103,0,0,0,742,36,0,0,0,0,0,0,201403
50,DZA,5,0,0,1,311,31,0,597,289,0,0,67,1,7,42,84,27,2,8,28,0,9,99,3,3,0,1,2,10429,923,17,40,10,0,7,0,0,38,0,2,26,0,44,108,5585,17,340,90,0,2,0,1,24875,9861,1,0,158,0,73793,0,11,2357,0,3,0,39,0,0,5,464,0,0,22,0,3,49,15,21,14,276,0,0,493,0,59,18,7922,5293,17,6,15,1,90,0,81,4,159,0,10,70,156,2,0,0,0,26,14,0,56,0,221,0,1315,3,66,24,0,0,0,0,0,27,2,2,3,4,0,73,177,9,0,1225,265,0,94,0,12,23,1,73,0,40,390,0,377,5,0,109,44,15,12,574,12,0,6,0,47,3,5,0,0,30,530,3,10,26,22,350,0,1,143,14,358,0,0,0,0,14,0,188,1,637,0,1,8157,0,1,60,0,8,0,0,11,99,0,0,161677
51,ECU,106,0,0,0,0,965,0,489,122,0,0,2,0,0,5,3,0,7,4,0,0,347,726,2,0,0,0,0,4275,345,0,5707,20,0,0,0,0,4635,0,0,633,0,3,13,1446,0,209,625,0,0,0,0,0,17047,0,0,23,0,315,0,0,12,0,0,0,0,0,0,0,9,1,0,0,0,5,13,154,1,32,62,0,0,37,16,0,9,11,12440,17,0,55,3,0,0,1,1,0,0,0,16,0,1,0,0,0,3,0,0,0,0,0,0,2134,0,0,2,0,0,0,0,0,0,0,0,0,0,0,0,0,0,4,346,209,0,34,0,0,1068,396,255,0,4,767,1,136,41,0,0,0,0,0,14,6,0,0,0,3,0,1,0,0,3,0,0,1,10,5,269,0,0,0,1,6,0,0,0,0,11,0,0,0,1,0,0,181469,1,1,14735,0,1,0,0,0,6,0,0,252914
52,EGY,16,2,0,309,134524,372,16,27280,7814,3,1,582,51,45,1252,124,12509,10,87,98,0,36,2826,9,20,4,10,29,31210,3503,59,227,80,94,37,0,12,194,2,5,79,4,2863,195,12575,160,1283,223,718,26,0,16,2,4700,5,27,443,0,16962,0,46,29936,0,32,20,57,0,1,30,6303,0,11,41,0,8,338,47,69,41,871,0,44,1005,250,17250,38,19246,28524,43,94385,989,61,301,11,236,26,69053,0,81324,339,15026,5,0,0,3,68,46,3,36,3,60,6,3435,1173,7,349,4,0,0,0,115,28,15,32,46,71,280,32,33,9321,1,7620,456,7,1358,0,49,105,12,682,0,226,1006,2,497,21,13472,31,20751,95,118,3162,349,112082,4058,0,350,2,27,0,0,217,1280,7,29,181,95,1912,1,9,401,99,1145,0,2,0,0,33,38,1584,33,1960,36,2,126877,12,3,406,0,80,0,2,1963,1666,1,1,951520
53,ERI,0,0,0,0,1,0,0,28,1,0,0,0,0,0,0,0,0,0,0,0,0,0,1,0,0,0,0,0,41,9,0,0,0,0,0,0,0,0,0,0,0,0,0,0,89,8,2,0,0,0,0,0,0,0,0,248,1,0,4,0,0,177,0,0,0,0,0,0,0,1,0,0,0,0,0,0,0,0,0,0,0,0,2,0,11,0,24,297,0,0,0,0,9,0,0,0,1,0,0,0,0,0,0,0,0,0,0,0,0,0,0,0,0,0,0,0,0,0,0,37,0,0,0,0,0,0,0,0,0,0,0,10,27,0,2,0,0,0,0,0,0,0,0,0,104,0,0,0,0,0,0,1,1609,2,8940,0,0,0,0,0,0,0,178,0,0,0,0,42,0,0,0,0,0,0,0,0,0,0,0,0,0,41,0,0,686,0,0,0,0,0,0,0,0,113,0,0,12747
54,ESH,0,0,0,0,0,0,0,0,0,0,0,0,0,0,0,0,0,0,0,0,0,0,0,0,0,0,0,0,0,0,0,0,0,0,0,0,0,0,0,0,0,0,0,0,0,0,0,0,0,0,0,0,0,0,0,0,0,0,0,0,0,0,0,0,0,0,0,0,0,0,0,0,0,0,0,0,0,0,0,0,0,0,0,0,0,0,0,0,0,0,0,0,0,0,0,0,0,0,0,0,0,0,0,0,0,0,0,0,0,0,0,0,0,0,0,0,0,0,0,0,0,0,0,0,0,0,0,0,0,0,0,0,0,0,0,0,0,0,0,0,0,0,0,0,0,0,0,0,0,0,0,0,0,0,0,0,0,0,0,0,0,0,0,0,0,0,0,0,0,0,0,0,0,0,0,0,0,0,0,0,0,0,0,0,0,0,0,0,0,0,0,0,0,0,0,0,0
55,ESP,1,0,0,0,0,6,0,33,6,0,0,7,0,0,0,0,0,0,11,0,1,0,8,0,0,0,1,0,447,0,0,2,0,0,0,0,0,1,0,0,0,0,1,2,101,0,8,4,0,0,0,0,0,0,0,0,3,0,0,0,0,150,0,0,0,0,0,0,447,1,0,0,1,0,1,154,0,0,1,29,0,0,41,0,0,0,0,193,0,7,20,0,0,0,3,4,0,0,7,465,0,0,0,0,0,0,1,10,0,0,0,0,2,0,0,0,7,0,0,0,0,0,14,0,0,0,0,0,0,0,0,38,6,5,13,0,0,6,0,4,0,0,3,0,29,0,0,0,0,0,3,0,1,0,0,0,15,0,1,0,0,2,0,0,3,1,1,3,0,0,0,0,9,0,0,0,0,0,0,0,0,1,0,0,1355,0,0,14,0,1,0,0,0,11,0,0,3726
56,EST,0,0,0,1,0,30,0,47,76,1,0,20,0,0,0,26,0,0,1,292,0,0,0,0,0,0,0,0,596,27,0,13,2,0,0,0,0,4,0,0,1,0,15,106,8432,0,269,1,0,0,0,0,0,95,0,0,6938,0,84,0,0,225,0,0,0,0,0,0,0,55,0,0,0,0,0,0,0,0,0,100,0,0,890,0,0,14,136,230,0,0,7,70,0,27,0,4,0,0,0,0,1,0,0,0,0,1,2243,0,0,0,0,0,6,0,0,2,0,0,0,0,0,0,0,0,0,0,0,0,0,0,0,115,196,0,24,0,0,3,2,0,0,154,0,0,115,0,0,0,0,0,3,10859,0,0,0,0,0,0,0,0,0,7,0,0,0,39,8,1621,0,0,0,0,0,0,0,0,0,0,0,14,0,1,743,0,3342,0,0,10,0,0,0,0,0,24,0,0,38368
57,ETH,0,0,0,0,2948,1,0,2567,187,0,0,0,0,0,1,1,233,0,0,0,0,0,0,0,0,0,0,7,4005,499,0,3,0,0,0,0,0,1,0,0,0,0,9,3,1654,19257,6509,2,5887,0,3058,535,0,0,0,0,1999,0,234,0,0,25066,0,0,0,0,0,0,0,9,0,0,0,0,0,0,0,0,0,183,0,0,389,0,498,2,0,1664,0,38,0,0,79717,0,0,0,1151,0,40,0,29820,0,0,0,0,0,0,0,41,0,0,0,1,0,0,6,0,0,0,0,1,0,0,95,127,0,0,0,4,0,0,10588,3512,0,1043,0,138,1,0,1,0,1,0,0,4,0,0,0,385,0,1,6,394,0,38818,0,0,0,0,0,65248,0,259396,14,0,1,3,2988,32,47,597,0,18,0,0,0,0,0,18,9,1555,66511,0,0,30222,0,0,4,0,0,0,0,241,3483,0,0,673731
58,FIN,0,0,0,0,0,5,0,2,90,0,0,1113,0,0,305,7,0,0,0,349,0,0,20,0,0,0,0,0,0,78,0,26,0,0,0,0,0,5,0,0,4,0,61,63,679,0,468,14,0,0,0,0,0,2274,345,0,0,0,0,0,0,1380,0,0,1,0,0,0,0,0,0,0,0,0,0,4,3,0,0,237,0,0,283,0,0,31,1,702,1,0,9,0,0,0,3,0,0,0,0,10,0,0,0,0,0,206,1,0,0,0,0,0,199,0,0,8,0,0,0,0,0,0,0,0,0,0,11,0,0,0,0,433,1474,0,82,0,0,5,0,181,0,0,35,0,100,0,0,0,0,0,0,19,25,0,0,0,0,0,0,0,0,0,0,0,0,13,4,17621,0,0,0,0,13,0,0,0,0,1,0,0,0,1,0,0,1372,0,0,8,0,1,0,0,0,66,0,0,30452
59,FJI,0,0,0,0,0,0,0,13208,2,0,0,0,0,0,24,0,0,0,0,0,0,0,0,0,0,0,0,0,6667,21,0,4,0,0,0,0,0,0,0,0,0,0,1,1,0,0,7,0,0,0,0,0,0,0,0,0,1,0,12,0,0,2,0,0,0,0,0,0,0,0,0,0,0,0,0,0,0,0,0,0,0,0,9,0,0,0,0,7,0,0,0,0,0,0,0,0,0,0,0,0,0,0,0,0,0,0,0,0,0,0,0,0,1,0,0,0,0,0,0,0,0,0,0,0,0,0,0,0,0,0,0,4,10,0,7726,0,0,1,0,21,13,0,0,0,0,0,0,7,0,0,0,0,0,0,0,0,0,0,0,0,0,0,0,0,0,0,0,8,0,0,0,0,0,0,0,0,130,0,0,0,0,0,0,0,15117,0,0,0,0,0,0,65,0,2,0,0,43071
60,FRA,9,0,0,15,422,583,0,2819,1006,0,17,20681,319,0,24,135,38,97,3897,3,0,60,1773,4,0,9,1,0,18316,10346,162,927,160,0,301,0,0,433,61,47,271,0,266,1404,11871,133,1677,1127,0,52,0,70,46,98530,28,0,322,0,0,0,811,27572,0,23,100,5844,0,4,1238,1309,0,0,4111,0,7,808,53,456,234,1858,0,0,3950,5278,26,135,6159,892,30,3,1158,2,11,0,7448,355,203,1,13,1197,0,18,0,0,0,3113,60,7,0,0,637,0,4968,3,0,46,2,0,0,0,0,2890,258,16,236,1053,7,2318,106,5,0,3488,880,68,488,0,0,129,53,156,0,617,858,5,24708,40,0,2798,58,4376,256,29,8200,0,0,0,159,129,8,0,0,2571,207,10,552,1453,935,993,0,0,32,7009,35334,0,0,0,0,23,0,809,112,181,0,70,62050,0,2,542,1,84,0,4,0,859,0,0,426830
61,FSM,0,0,0,0,2,5,0,81,1,0,0,0,0,0,0,0,0,0,0,0,0,0,5,0,1,0,0,0,125,0,0,4,5,0,0,0,0,5,0,0,3,0,1,0,4,0,1,3,0,0,0,0,0,5,0,0,0,0,1,0,0,12,0,0,0,0,0,0,0,0,0,0,0,3561,0,122,3,0,1,2,0,0,3,0,0,0,1,20,2,1,34,0,0,0,1,5,0,0,1,2,0,0,0,0,0,0,0,7,0,0,0,0,273,0,0,0,3,0,0,0,0,0,4,0,8,0,0,0,0,0,0,2,1,2,42,0,0,3,0,20,0,0,53,0,1,0,0,0,0,0,0,29,0,0,0,0,9,0,0,0,0,0,0,0,0,3,0,1,0,0,0,0,7,0,0,0,0,1,0,0,0,1,0,0,9154,0,0,2,0,2,0,1,0,5,0,0,13657
62,GAB,0,0,0,0,0,0,0,5,6,0,0,0,0,0,0,2,0,0,0,0,0,1,0,0,0,0,0,19,298,42,0,2,0,0,0,0,47,0,0,8,1,0,0,0,99,0,2,0,0,0,0,0,0,0,0,0,1,0,2126,0,0,0,0,0,0,0,0,0,15133,3,0,0,0,0,0,0,0,0,0,2,0,0,4,0,0,0,0,88,0,0,0,0,0,0,0,0,0,0,0,9,0,0,0,0,0,1,0,0,0,0,0,0,6,0,429,0,0,0,0,0,4,0,0,0,0,0,0,0,38,0,0,31,3,0,0,0,0,0,0,0,0,0,2,0,40,0,0,0,0,0,0,4,216,0,0,0,0,0,1,0,0,0,0,0,0,0,0,1,0,0,69,3302,0,0,0,0,0,0,0,1,3,0,0,0,158,0,0,1,0,0,0,0,0,32,0,0,22240
63,GBR,23,0,0,0,0,52,0,49639,1090,0,0,5333,0,0,2771,477,0,90,161,61,16,9,805,755,71,9,17,0,16091,2200,9029,352,1277,0,0,0,0,324,0,10,205,0,11716,388,7056,0,3899,291,0,5,0,28,0,43871,21,0,489,29,7609,0,0,0,0,162,556,33,0,0,0,0,2,1,0,0,141,5969,79,146,23,2133,0,193,1819,4630,23,179,2136,262,1001,5,1651,0,658,0,125,170,0,0,40,1742,0,196,0,0,0,1060,72,57,0,0,5,0,7044,0,0,1334,0,0,0,0,0,20,0,1093,684,0,0,0,0,0,1,4824,1633,0,6244,0,0,130,43,10069,4,3,1918,36,2175,30,0,9,0,0,82,0,8186,0,0,0,2008,0,207,0,0,206,1469,0,2,94,541,2191,1,0,0,7,4235,0,0,0,0,588,0,612,26,873,0,34,162294,0,155,242,0,489,0,1,0,1072,0,57,414504
64,GEO,0,0,0,8,0,125,36250,776,1389,1016,0,542,0,0,1,280,0,1,14,3700,0,5,18,0,0,0,1,0,846,248,0,21,29,0,0,0,0,16,0,2,15,1,4920,490,33453,0,153,33,1,3,0,0,0,992,396,0,1223,0,757,0,0,797,0,1,0,0,0,0,0,9295,0,0,0,0,0,26,1,12,3,339,0,1,774,6,15,26,8420,805,0,7,85,104,0,1219,3,51,0,0,8,7,6,0,0,0,1,5,1953,1,0,2,1,0,120,3,0,24,1,0,0,0,0,0,2,0,0,0,0,0,0,0,0,440,127,1,140,0,0,11,2,13,0,551,1,1,329,4,0,0,0,0,49,227367,3,0,0,0,2,0,2,0,0,77,0,0,0,171,41,191,0,0,0,2,11,0,367,0,0,0,0,2791,1,13,24433,0,17743,3233,0,23,0,1,0,0,0,118,0,0,390108
65,GHA,0,0,0,0,0,0,0,364,81,0,0,8,0,0,0,0,0,14,0,0,0,1,0,0,0,0,0,0,3279,18,0,1,0,0,0,0,0,1,0,13,0,0,7,5,6,0,174,0,0,0,0,0,0,328,0,0,53,0,0,0,120,4883,0,0,12,0,0,0,0,4,0,0,0,0,0,0,0,0,0,18,0,0,157,0,0,4,0,1759,0,0,194,0,0,0,0,0,0,0,0,6044,0,3,0,0,0,0,0,0,0,0,0,0,0,0,0,1,0,0,0,0,0,0,0,0,0,0,0,0,68,6126,0,909,116,0,38,0,0,2,0,1,0,0,0,0,11,0,0,0,0,0,0,0,645,0,0,0,0,0,472,0,0,0,3,1,0,1,6,50,0,0,0,34484,0,0,0,0,0,0,0,0,0,1,0,0,18408,0,0,2,0,0,0,0,0,0,0,0,78896
66,GIN,0,0,6,0,0,2,0,24,61,0,0,235,171,7,2,2,0,0,0,0,0,1,9,0,0,0,0,5,801,103,0,7,9,11349,1,0,0,4,0,41,2,0,1,6,812,0,28,7,0,0,0,0,233,2244,0,0,4,0,1809,0,673,40,0,44,0,8,0,911,2,2,0,0,8,0,0,9,1,0,1,18,0,0,42,21,0,4,7,689,1,1,21,0,0,0,0,1,0,0,0,239900,0,0,0,0,0,7,0,0,0,0,1,0,91,0,0,0,0,0,0,0,127,4,1,0,0,1,0,2,114,1042,0,299,10,0,10,0,0,4,0,3,0,2,31,0,171,0,0,3,0,5,1,41,3,0,0,0,0,0,44568,0,0,1,0,0,1,2,4,33,0,0,0,936,2,0,0,0,0,1,0,3,0,1,0,0,3654,0,0,4,0,0,0,0,0,14,0,0,311587
67,GLP,13,0,0,0,0,5,0,2,0,0,0,0,0,0,4,0,0,89,0,0,0,0,0,3,0,0,0,0,285,0,0,6,0,0,0,0,0,1,0,0,2,0,0,0,8,0,1,491,0,0,0,0,0,89,0,0,0,0,0,0,0,0,0,0,0,0,0,0,0,3,0,0,581,0,0,0,0,0,1,0,0,0,0,0,0,0,0,13,1,0,1,0,0,0,0,0,0,0,0,0,0,14,0,0,0,0,0,0,0,0,0,0,5,0,0,0,0,0,0,0,0,930,0,0,0,0,0,0,0,0,0,7,1,0,0,0,0,21,0,2,0,0,122,0,0,0,0,0,0,0,0,5,0,0,0,0,0,0,0,0,0,0,0,0,4,0,0,0,0,0,0,0,0,0,0,0,0,0,0,8,0,0,0,0,6223,0,0,1,14,0,0,0,0,0,0,0,8956
68,GMB,0,0,0,0,0,0,0,50,296,0,0,16,1,9,0,4,0,0,0,0,0,0,0,0,0,0,0,1,276,120,0,3,0,853,0,0,25,1,0,20,0,0,0,4,1703,0,394,0,0,8,0,0,22,5349,0,0,153,0,1138,0,79,1591,0,19,1449,0,0,961,0,24,0,0,0,0,0,0,0,0,0,8,0,0,68,0,1,5,0,588,0,0,0,0,0,0,0,0,0,0,0,2931,0,0,0,0,0,0,0,0,0,0,0,0,0,0,282,0,0,0,0,0,166,0,0,0,0,0,0,0,95,2283,0,188,606,0,5,0,0,1,1,0,0,2,0,0,125,0,0,0,0,0,1,33,0,0,0,1200,0,0,4080,0,0,0,0,0,0,1,2,1692,0,0,0,7,0,0,0,0,0,0,0,8,0,0,0,0,6304,0,0,0,0,0,0,0,0,1,0,0,35253
69,GNB,0,0,0,0,0,0,0,2,18,0,0,1,0,0,0,2,0,0,0,0,0,0,1,0,0,0,0,5,29,50,0,2,0,100,0,0,0,3,0,657,0,1,0,3,1,0,19,0,0,1,0,0,329,1047,0,0,3,0,2759,0,0,1,0,0,427,0,0,0,0,1,0,0,0,0,0,0,0,0,0,3,0,0,2,0,0,1,0,166,0,0,0,0,0,0,0,0,0,0,0,5433,32,0,0,0,0,2,0,0,0,0,0,0,20,0,0,0,0,0,0,0,162,0,0,0,0,0,0,0,0,1058,0,72,6,0,0,0,0,2,1,0,0,0,7,0,12578,0,0,0,0,0,0,44,0,0,0,0,0,0,15,0,0,0,0,0,0,1,1,31,0,0,0,0,0,0,0,0,0,0,0,0,0,0,0,0,59,0,0,1,0,0,0,0,0,5,0,0,25164
70,GNQ,0,0,0,0,0,0,0,0,0,0,0,0,0,0,0,0,0,0,0,0,0,0,0,0,0,0,0,0,0,0,0,0,0,0,0,0,0,0,0,0,0,0,0,0,0,0,0,0,0,0,0,0,0,0,0,0,0,0,0,0,0,0,0,0,0,0,0,0,0,0,0,0,0,0,0,0,0,0,0,0,0,0,0,0,0,0,0,0,0,0,0,0,0,0,0,0,0,0,0,0,0,0,0,0,0,0,0,0,0,0,0,0,0,0,0,0,0,0,0,0,0,0,0,0,0,0,0,0,0,0,0,0,0,0,0,0,0,0,0,0,0,0,0,0,0,0,0,0,0,0,0,0,0,0,0,0,0,0,0,0,0,0,0,0,0,0,0,0,0,0,0,0,0,0,0,0,0,0,0,0,0,0,0,0,0,0,0,0,0,0,0,0,0,0,0,0,0
71,GRC,2,0,0,1,7,7,48,692,517,2,1,53,1,0,163,113,0,3,152,210,0,8,80,9,1,1,1,0,401,229,54,44,66,1,0,0,0,52,0,1,40,0,6744,102,3975,0,303,60,2,1,0,0,67,1284,2,0,27,0,735,0,3,1106,0,4,36,2,0,0,1,0,1,0,1,0,7,231,29,47,12,232,0,2,362,588,65,17,653,289,38,4,74,121,2,3,26,21,0,0,2,187,48,4,0,0,0,24,224,0,0,1,0,0,2654,497,0,85,0,0,0,0,0,1,0,10,9,0,0,0,0,6,0,714,81,1,103,0,0,29,1,195,0,4,770,2,129,6,0,0,0,0,49,8998,328,0,0,0,7,0,9,0,0,84,150,0,1,263,22,228,0,0,0,9,151,0,1,0,0,28,0,241,2,71,530,0,4062,11,3,22,0,30,0,1,0,72,0,1,41400
72,GRD,0,0,0,0,0,0,0,3,0,0,0,0,0,0,0,0,0,0,0,0,0,0,0,53,0,0,0,0,1136,0,0,0,0,0,0,0,0,0,0,0,0,0,0,0,0,0,1,1,0,0,0,0,0,0,0,0,1,0,0,0,0,0,0,0,0,0,0,0,0,0,0,0,0,0,27,0,0,0,0,1,0,0,5,0,0,0,0,2,36,0,0,0,0,0,0,0,0,0,0,0,0,19,0,0,0,0,0,0,0,0,0,0,37,0,0,0,0,0,0,0,0,0,0,0,0,0,0,0,0,0,0,2,1,0,1,0,0,0,0,0,0,0,0,0,2,0,0,0,0,0,0,0,0,0,0,0,0,0,0,0,0,0,0,0,0,1,0,0,0,0,0,0,0,0,0,0,0,1,0,0,0,0,0,0,4992,0,0,1,0,0,0,0,0,0,0,0,6323
73,GTM,1,0,0,0,0,101,0,878,67,0,0,1,0,0,320,2,0,5,0,0,5492,44,148,1,0,0,0,0,8615,129,0,119,1,0,0,0,0,201,0,0,840,1,1,3,107,0,81,316,2,29,0,0,0,1427,0,0,11,0,358,0,0,9,0,0,0,5,0,0,1,5,0,0,3,0,1,6,1338,0,8,8,0,0,94,3,0,13,2,903,153,0,1,0,0,0,0,1,0,0,0,3,15,2,0,0,0,1,0,0,0,0,0,0,1423,0,0,1,0,0,0,0,0,2,0,0,0,0,0,1,0,0,83,141,108,0,23,0,0,440,3,174,0,0,424,0,20,19,0,2,0,1,0,4,0,0,0,0,0,0,0,0,0,0,0,0,0,3,0,341,0,0,0,0,2,0,0,0,0,3,0,3,0,0,0,0,366689,0,0,175,0,0,0,0,0,8,0,0,391969
74,GUF,0,0,0,0,0,0,0,1,0,0,0,0,0,0,0,0,0,1,0,0,0,0,146,8,0,0,0,0,54,0,0,6,0,0,0,0,0,3,0,0,5,0,0,0,0,0,0,2,0,0,0,0,0,0,0,0,0,0,0,0,0,4,0,0,0,191,0,0,0,0,1,1,0,0,0,0,0,0,0,0,0,0,1,0,0,0,0,1,6,0,0,0,0,0,1,0,0,0,0,0,0,91,0,0,0,0,0,0,0,0,0,0,0,0,0,0,0,0,0,0,0,280,0,0,0,0,0,0,0,0,0,0,1,0,0,0,0,2,1,0,0,0,0,0,0,0,0,0,0,0,0,16,0,0,0,0,0,0,0,0,0,0,0,0,2,0,0,0,0,0,0,0,198,0,0,0,0,1,0,0,0,0,0,0,589,0,1,12,0,1,0,0,0,0,0,0,1627
75,GUM,3,0,0,0,0,0,0,187,0,0,0,0,0,0,1239,2,0,0,1,0,0,6,62,5,0,1,0,0,34,0,0,61,35,0,0,0,0,76,0,1,66,0,5,4,0,0,9,58,0,0,0,0,0,76,1,0,0,0,0,43,0,0,0,0,0,0,0,0,0,0,0,0,0,0,8,484,58,3,16,16,0,0,0,0,0,4,20,0,53,0,1,0,0,0,26,1,0,0,0,68,0,3,0,0,0,0,2,0,0,0,0,0,6378,0,0,0,0,0,0,0,0,0,0,0,2,0,0,0,0,0,0,3,0,0,190,0,0,45,0,1318,0,0,1130,0,5,5,0,0,0,0,2,30,7,0,0,0,5,0,5,0,0,2,0,0,1,4,0,0,0,0,0,3,219,0,0,0,0,34,0,0,0,17,0,0,144,0,2,1,0,136,0,8,0,76,0,0,12510
76,GUY,78,0,0,0,0,0,0,0,0,0,0,0,0,0,0,0,0,70,0,0,0,1,236,206,0,0,0,0,1,0,0,3,0,0,0,0,0,0,0,0,1,0,0,0,0,0,2,6,0,0,0,0,0,0,0,0,0,0,0,0,0,957,0,0,0,3,0,0,0,0,0,0,0,0,0,0,0,0,0,0,0,0,10,0,0,2,0,5,0,0,0,0,0,0,0,0,0,0,0,0,0,231,0,0,0,0,0,0,0,0,0,0,1,0,0,1,0,0,0,0,0,0,0,0,0,0,0,0,0,0,0,0,0,0,13,0,0,0,0,0,0,0,15,0,4,0,0,0,0,0,0,0,0,0,0,0,0,0,0,0,0,0,0,0,481,1,1,0,0,0,0,0,0,0,0,0,0,600,0,0,0,0,0,0,41158,0,74,1244,0,0,0,0,0,0,0,0,45405
77,HKG,0,0,0,0,0,0,0,0,0,0,0,0,0,0,0,0,0,0,0,0,0,0,0,0,0,0,0,0,0,0,0,0,0,0,0,0,0,0,0,0,0,0,0,0,0,0,0,0,0,0,0,0,0,0,0,0,0,0,0,0,0,0,0,0,0,0,0,0,0,0,0,0,0,0,0,0,0,0,0,0,0,0,0,0,0,0,0,0,0,0,0,0,0,0,535,2,0,0,0,0,0,0,0,0,0,0,0,0,0,0,0,0,0,0,0,0,0,0,0,0,0,0,0,0,0,0,0,0,0,0,0,0,0,0,1,0,0,0,0,0,0,0,0,0,0,0,0,0,0,0,0,0,0,0,0,0,0,0,0,0,0,0,0,0,0,0,0,0,0,0,0,0,1873,0,0,0,0,0,0,0,0,0,0,0,0,0,0,0,0,1,0,0,0,0,0,0,2412
78,HND,0,0,0,0,0,22,0,331,11,0,0,0,0,0,23,1,0,2,0,0,931,11,89,0,0,0,0,0,2897,23,0,35,0,0,0,0,0,73,0,0,34081,0,2,2,8,0,30,136,1,7,0,0,0,875,0,0,12,0,44,0,0,0,0,0,0,0,0,0,0,1,0,338,0,0,0,0,0,0,0,4,0,0,9,1,0,3,0,428,36,0,0,0,0,0,0,0,0,0,0,0,6,0,0,0,0,0,0,0,0,0,0,0,1355,0,0,0,0,0,0,0,0,0,0,0,0,0,0,0,0,0,0,50,21,0,5,0,0,572,1,16,0,0,139,0,7,7,0,0,0,0,0,1,0,0,0,0,0,0,0,0,0,0,0,0,0,2,1,96,0,0,0,0,0,0,0,0,0,0,0,0,0,0,0,0,141732,0,0,149,0,0,0,0,0,1,0,0,184628
79,HRV,0,0,0,1138,0,0,0,0,0,0,0,44,0,0,0,5,0,0,76405,0,0,0,0,0,0,0,0,0,1115,0,0,40,0,0,0,0,0,1,0,0,0,0,6,196,0,0,0,0,0,0,0,0,0,138,0,0,34,0,0,0,0,0,0,0,0,0,0,0,0,0,0,0,0,0,0,0,0,0,0,592,0,0,138,0,0,2,0,6268,0,0,0,0,0,0,0,0,0,0,0,0,0,0,0,0,0,0,1,0,0,0,0,0,5,0,0,13,0,0,0,0,0,0,0,0,0,0,0,0,0,0,0,10,537,0,142,0,0,4,0,0,0,0,0,0,17,0,0,0,0,0,264,0,0,0,0,0,0,0,0,0,0,108599,0,0,0,96,9228,0,0,0,0,0,0,0,0,0,0,0,0,0,0,0,0,0,6637,0,0,8,0,0,0,0,0,71,0,0,211754
80,HTI,310,0,0,0,0,0,0,13,0,0,0,0,0,0,0,0,0,3792,0,0,0,1,0,0,0,0,0,0,2562,0,0,3,0,0,0,0,0,5,0,0,8,0,1,1,0,0,19,33292,0,0,0,0,0,0,0,0,1,0,0,0,0,0,0,0,0,0,0,0,0,0,0,0,418,0,0,0,1,0,0,0,0,0,1,0,0,0,0,39,0,0,0,0,0,0,0,0,0,0,0,0,0,0,0,0,0,0,0,0,0,0,0,0,4,0,0,1,0,0,0,0,0,0,0,0,0,0,0,0,0,0,0,23,1,0,2,0,0,96,0,0,0,0,55,0,2,0,0,0,0,0,0,0,0,0,0,0,0,0,0,0,0,0,0,0,54,0,3,0,0,0,0,0,0,0,0,0,0,0,0,0,0,0,0,0,101307,0,0,0,68,0,0,0,0,0,0,0,142083
81,HUN,0,0,0,94,0,1,0,279,1154,0,0,88,1,0,0,55,0,0,333,215,0,0,0,0,0,0,0,0,115,836,0,1,3,0,0,0,0,1,0,0,1,0,99,144,9715,0,41,2,0,0,0,0,0,63,0,0,238,0,174,0,0,81,0,0,0,0,0,0,0,228,0,0,0,0,0,0,0,749,0,0,0,0,23,275,2,8,88,478,0,0,9,0,0,0,42,4,0,0,0,0,0,0,0,0,0,18,0,0,0,0,0,0,5,11,0,4,0,0,0,0,0,0,0,0,0,0,0,0,0,0,0,545,143,0,12,0,0,1,0,1,0,59,0,0,14,0,0,0,0,0,20,2900,12,0,0,0,0,0,0,0,0,59,3,0,0,118,245,62,0,0,0,0,179,0,0,0,0,0,0,70,0,2,0,0,1780,0,0,4,0,0,0,0,0,2,0,0,21909
82,IDN,32,15,0,0,13249,379,4,41236,365,0,0,328,0,0,21757,17,764,5,6,0,35,36,880,12,3235,47,57,0,18977,649,221,242,12664,9,0,0,0,121,0,2,43,1,141,55,3784,0,455,180,462,18,7,7,0,855,3,0,135,4,1142,0,1,3039,0,6,4,2,0,0,0,172,0,8,29,23,36,96705,38,14,25,511,0,53,636,3,26,42,138,2523,38,3136,12908,15,0,0,986,10769,4268,25,2234,66,2499,5,0,0,0,5,17,2406,54,0,4,1,2848,0,0,44,1927,0,0,0,2,2,1787,21,454740,0,0,320,1,18,1,27433,370,767,5465,6,503,296,6,4651,2141,12,651,418,177,18,37,12,1207,0,83,35,43,35,0,3,46256,0,19,0,0,20,0,0,78,13,22,662,0,0,3,2,2168,0,0,0,3,25,0,83,3,94,0,1,85854,0,3,498,0,4029,0,5,0,959,6,2,912994
83,IND,2,4932,0,0,53569,55,1,21466,1484,0,1,753,4,0,2686,13,2800,53,6,14,37,22,246,102,572,13768,644,0,90475,1038,6,228,2331,1,7,0,0,60,2,1,37,0,333,69,4015,0,1878,162,44,8,22,18,0,3316,14,0,308,182,3236,0,14,72700,0,84,0,88,0,0,18,2675,1,3,52,1,5,7697,17,21,12,209,0,0,2969,2475,100,51,2007,14760,374,322,3772,14,99,0,265,1323,11830,2,342,501,277,22,0,0,1,37,29,97,0,0,498,360,1445,2,0,64,16344,0,0,0,0,35,2269,352,31660,35,0,82,0,9,1,2366,1886,77473,5714,0,228687,562,4,1370,28,38,327,69,2014,29,24,75,2698,163,18,430,1446,1,0,0,23545,24,189,0,0,21,0,0,11,21,25,1832,1,0,1,30,59137,2,0,0,34,125,0,158,477,1911,0,1,379890,1,2,81,0,673,0,1,0,1632,86,1,1184777
84,IRL,0,0,0,0,0,8,0,2998,58,0,0,357,0,0,120,9,0,10,0,1,0,3,71,18,2,0,12,0,910,74,373,29,28,0,0,0,0,26,0,0,9,0,152,13,339,0,176,20,0,0,0,0,0,1741,0,0,36,1,186,0,0,0,0,3,0,1,0,0,0,0,0,0,0,0,3,172,4,2,1,199,0,4,0,0,0,5,43,0,26,0,71,0,0,0,2,4,0,0,1,54,0,5,0,0,0,100,6,0,0,0,0,0,387,0,0,51,0,0,0,0,0,0,0,13,15,0,0,0,0,0,0,134,71,0,401,0,0,11,1,271,0,0,107,1,148,1,0,0,0,0,2,0,118,0,0,0,0,0,5,0,0,1,0,0,0,2,3,120,0,0,0,0,5,0,0,0,0,15,0,15,1,11,0,1,14423,0,4,12,0,9,0,0,0,1126,0,1,25972
85,IRN,0,0,0,0,0,1,0,4293,141,0,0,0,0,0,0,26,0,0,3,0,0,1,0,0,0,0,0,0,4361,46,0,1,0,0,0,0,0,0,0,0,1,0,13,21,8573,0,2266,1,1197,0,92,0,0,169,0,0,539,0,19,0,0,3112,0,0,0,0,0,0,0,572,0,1,0,0,0,0,0,0,0,14,0,0,100,0,0,3,337,223,0,0,0,0,0,0,0,0,0,0,473,0,5458,0,1,0,0,0,0,0,0,0,0,0,9,0,0,4,0,0,0,0,0,0,0,0,27,0,0,0,0,0,0,5253,1386,0,950,0,0,3,0,1,0,0,0,0,7,0,0,0,0,0,110,0,0,0,0,0,0,0,0,0,0,18,0,0,0,6,10,2020,0,0,0,0,14,0,0,0,0,0,1,0,0,0,0,0,14459,0,0,4,0,0,0,0,0,1,0,0,56341
86,IRQ,0,0,0,0,0,2,0,5174,196,0,0,0,0,0,0,39,0,0,4,0,0,1,0,0,0,0,0,0,5541,64,0,1,0,0,0,0,0,0,0,0,1,0,26,28,11591,0,2987,1,1711,0,176,0,0,236,0,0,677,0,26,0,0,4184,0,0,0,0,0,0,0,912,0,1,0,0,0,0,0,0,0,19,0,0,133,0,0,4,731,323,0,0,0,0,0,0,0,0,0,0,1046,0,8252,0,1,0,0,0,1,0,0,0,0,0,11,0,0,6,0,0,0,0,0,0,0,0,32,0,0,0,0,0,0,7060,1786,0,1156,0,0,3,0,1,0,0,0,0,10,0,0,0,0,0,161,0,0,0,0,0,0,0,0,0,0,26,69,0,0,8,13,2586,0,0,0,0,16,0,0,0,0,0,2,0,0,17,0,0,18483,0,0,6,0,0,0,0,0,2,0,0,75543
87,ISL,0,0,0,0,0,0,0,42,2,0,0,0,0,0,40,21,0,0,0,1,0,1,0,0,0,0,0,0,1,0,0,0,0,0,0,0,0,1,0,0,0,0,4,3,3,0,1228,3,0,0,0,0,0,140,0,0,7,0,0,0,0,11,0,0,0,0,0,0,0,0,0,0,0,0,0,0,0,0,0,41,0,0,19,1,0,0,0,58,0,0,0,0,0,0,0,0,0,0,0,0,0,0,0,0,0,1,2,0,0,0,0,0,3,0,0,1,0,0,0,0,0,0,0,0,0,0,0,0,0,0,0,45,692,0,16,0,0,0,0,24,0,0,0,0,10,0,0,0,0,0,1,26,0,0,0,0,0,0,0,0,0,0,0,0,0,1,5,84,0,0,0,0,0,0,0,0,0,0,0,0,0,0,3,0,455,0,0,0,0,0,0,0,0,5,0,0,3001
88,ISR,0,0,0,6,0,1,0,4,40,0,0,24,0,0,5,7,0,0,11,2,0,0,1,0,0,0,0,0,418,2,0,1,0,0,0,0,0,2,0,0,0,0,58,97,2562,0,31,7,0,0,0,0,0,565,2,0,10,0,2,0,0,239,0,0,0,0,0,0,1,1,0,0,0,0,0,7,0,24,1,1068,0,0,623,10338,81,19,0,301,0,40,36,2,0,0,0,0,0,0,41,1,0,0,0,0,0,1,9,0,0,0,0,0,7,0,0,2,0,0,0,0,0,0,1,0,0,0,0,0,0,0,0,61,21,0,10,0,0,2,0,13,0,6,1,0,13,0,0,0,0,0,0,46,0,0,0,0,1,0,0,0,0,35,0,0,0,378,4,46,0,0,0,0,1,0,0,0,0,0,0,0,0,0,20,0,3315,0,0,5,0,0,0,0,0,4,0,0,20683
89,ITA,58,0,0,128,23,45,3,11317,5501,0,3,3583,12,0,628,389,2,36,817,14,1,123,2727,50,6,10,24,0,23810,26243,354,434,342,0,13,0,0,653,3,84,621,0,687,594,4313,9,1722,2542,94,35,11,4,2,37432,15,77,338,1,45706,0,39,18279,0,44,0,226,0,0,55,6405,1,0,157,0,37,875,184,2498,564,3185,0,10,2202,7515,41,129,2132,0,197,5,861,0,56,0,61,52,10,0,8,889,371,24,0,0,1,3642,94,0,0,0,42,0,14878,2,0,561,0,0,0,0,0,105,81,32,39,44,0,104,0,11,0,2551,717,0,815,0,0,291,11,1336,0,261,4087,9,3633,91,0,113,3,177,1081,304,992,1,0,0,10,5,46,0,39,3144,0,1,99,293,1184,1810,0,0,2,114,756,0,0,0,0,147,1,1497,27,330,0,44,58601,0,16,4162,0,123,0,4,0,1011,0,3,328329
90,JAM,234,0,0,0,0,0,0,0,0,0,0,0,0,0,0,0,0,140,0,0,0,0,12,46,0,0,0,0,0,0,0,2,0,0,0,0,0,0,0,0,0,0,1,0,1,0,3,56,0,0,0,0,0,0,0,0,0,0,0,0,0,0,0,0,0,0,0,0,0,0,16,0,0,0,40,0,1,0,0,2,0,0,5,0,0,0,0,8,0,0,0,0,0,0,0,0,0,0,0,0,0,19,0,0,0,0,0,0,0,0,0,0,0,0,0,0,0,0,0,0,0,0,0,0,0,0,0,0,0,0,0,4,1,0,12,0,0,0,0,0,0,0,13,0,2,0,0,0,0,0,0,0,0,0,0,0,0,0,0,0,0,0,0,0,0,0,0,0,0,0,0,0,0,0,0,0,0,0,0,0,0,0,0,0,77905,0,14,0,0,0,0,0,0,0,0,0,78537
91,JOR,1,27,0,2,27738,111,82,4149,533,1,0,30,11,1,39,101,2566,0,317,4,0,15,134,1,9,0,1,0,7174,341,3,221,33,1,0,0,0,151,0,0,16,5,370,84,7899,2,1320,113,3188,22,652,0,0,2073,0,0,205,0,1263,0,4,1359,0,4,1,6,0,0,1,944,0,2,1,0,1,65,53,18,3,274,0,2,314,142,16971,17,1970,1719,7,0,54,26,2,1,20,10,14322,0,25148,69,21791,1,0,0,5,6,24,0,527,0,1,0,606,16,0,29,7,0,0,0,7,4,1,6,21,2,3,1,1,15,9,1696,390,15,369,1111,763,129,16,35,0,115,343,1,44,15,60775,1,4317,3,927,631,17,14876,59,0,203,0,3,0,0,189,203,0,2,49,43,1647,2,0,0,11,117,0,1,0,0,5,84,767,0,62,37,0,59055,3,0,634,0,7,0,0,0,51,0,0,297445
92,JPN,3,0,0,0,0,445,0,7146,449,0,0,1013,0,0,14,21,0,24,1,0,0,357,13964,4,85,49,0,0,11177,720,1,310,1303,0,0,0,0,275,0,2,133,0,20,50,5065,0,424,668,0,29,0,0,0,1611,1,0,171,0,2862,0,3,8668,0,9,0,0,0,0,0,298,0,8,0,77,6,5128,77,3,148,521,0,42,355,0,0,27,33,1,41,0,0,0,0,0,807,4872,0,0,0,55,0,9,0,0,1,6,5,0,0,0,8,0,6042,0,0,7,0,0,0,0,0,0,0,0,2311,0,0,0,0,0,0,1315,236,0,4376,0,0,206,91,2576,0,23,972,34,132,419,0,6,0,0,58,83,5,0,0,0,3,0,7,0,0,2,0,0,1,13,17,538,0,0,0,2,8343,0,0,0,20,27,0,246,0,184,0,0,128481,0,2,20,0,291,0,28,0,150,10,0,226882
93,KAZ,0,0,0,41,0,696,264,10755,3559,1411,0,560,0,0,87,895,0,22,122,15062,2,93,675,0,0,6,22,0,9983,1829,0,411,476,0,0,0,0,197,0,16,195,0,1234,2049,399345,0,962,648,15,55,0,0,0,9655,61,0,6090,0,2065,0,2,4640,0,4,0,10,0,0,0,9037,0,5,0,1,0,337,19,260,129,1693,0,1005,1620,0,32,175,10413,2236,0,19,1124,0,0,1508,52,1270,0,0,29,230,101,5,0,0,7,11,7249,0,0,0,17,0,995,6,0,78,0,0,0,0,0,0,39,0,6,0,0,0,0,0,0,1931,940,0,1845,0,0,97,14,319,0,2800,7,12,1864,95,0,26,0,0,188,701697,115,0,0,0,0,0,22,0,0,614,0,0,0,585,244,1578,1,0,0,74,797,0,1,0,0,0,0,7395,28,110,17741,0,103445,2061,0,266,0,46,0,6,0,3309,0,0,1364195
94,KEN,0,0,0,0,0,2,0,3192,266,0,88,0,0,0,360,3,0,1,0,0,0,5,0,0,0,0,152,0,8956,604,0,13,0,0,0,0,0,6,33,0,4,1,23,15,2401,0,508,52,0,3,0,96,0,319,0,0,95,0,322,0,0,44843,0,4,0,0,0,0,0,77,0,0,0,0,0,0,0,0,0,44,0,0,412,0,0,15,0,655,0,0,0,0,0,0,0,0,0,0,0,0,0,0,0,0,0,1,0,0,0,0,0,0,0,0,0,14,0,0,0,0,0,0,0,3,0,0,24,0,0,0,1,808,443,0,473,0,0,2,1,189,0,16,0,0,91,0,0,0,0,0,0,82,10033,0,0,0,0,0,47,0,0,0,0,0,0,3,14,498,1,0,0,0,0,0,0,0,0,0,0,52,3340,35753,0,0,30231,0,0,4,0,0,0,0,0,3053,0,0,148747
95,KGZ,0,0,0,4,0,91,1,669,197,0,0,52,0,0,7,73,0,1,7,450,0,5,23,0,0,0,1,0,489,82,0,21,44,0,0,0,0,13,0,2,10,0,90,174,13080,0,66,27,0,3,0,0,0,452,2,0,697,0,133,0,0,394,0,0,0,0,0,0,0,175,0,0,0,0,0,43,1,9,4,131,0,0,230,1,4,16,777,252,0,2,109,158,0,0,7,63,0,0,3,8,2,0,0,0,0,2,294,2,0,0,1,0,52,1,0,7,2,0,0,0,0,0,3,0,3,0,0,0,0,0,0,212,77,2,119,0,0,8,0,14,0,211,1,1,146,4,0,1,0,0,16,16689,4,0,0,0,3,0,2,0,0,38,0,0,0,66,18,98,0,0,0,3,26,0,0,0,0,0,0,258,1,9,52,0,8468,0,0,16,0,2,0,0,0,135,0,0,46422
96,KHM,0,0,0,0,0,0,0,0,0,0,0,0,0,0,0,0,0,0,0,0,0,0,0,0,0,0,0,0,0,0,0,0,0,0,0,0,0,0,0,0,0,0,0,0,0,0,0,0,0,0,0,0,0,0,0,0,0,0,0,0,0,0,0,0,0,0,0,0,0,0,0,0,0,0,0,0,0,0,0,0,0,0,0,0,0,0,0,0,0,0,0,0,0,0,0,0,0,0,0,0,0,0,0,0,0,0,0,0,0,0,0,0,0,0,0,0,0,0,0,0,0,0,0,0,0,0,0,0,0,0,0,0,0,0,0,0,0,0,0,0,0,0,0,0,0,0,0,0,0,0,0,0,0,0,0,0,0,0,0,0,0,0,0,0,0,0,0,0,0,0,0,0,0,0,0,0,0,0,0,0,0,0,0,0,0,0,0,0,0,0,0,0,0,0,0,0,0
97,KOR,0,0,0,0,0,1275,0,16486,0,0,0,1,0,0,246,10,0,1,0,0,0,185,5,0,39,15,0,0,42674,389,0,509,32855,0,0,0,0,111,0,0,109,0,3,22,3506,0,2913,321,0,53,0,0,0,1237,0,0,53,0,4279,0,25,5851,0,0,5,0,0,0,0,2,0,537,0,147,1,1944,25,0,1,239,0,0,147,0,0,12,2,2087,5,0,35101,0,0,0,100,0,0,0,0,7,0,0,0,0,0,9,8,0,0,0,0,0,771,0,0,2,0,0,0,0,2,0,0,0,692,0,0,0,0,0,11,1304,2145,0,11612,0,0,115,27,929,49,6,143,814,40,0,0,0,0,0,1,306,1,0,0,0,0,0,8,0,0,0,0,0,0,2,5,2757,0,0,0,0,1238,0,0,0,0,3,0,99,0,165,0,0,405106,0,0,92,0,71,0,0,0,148,0,0,582216
98,KWT,6,110,0,0,9585,1,1,3014,173,1,0,19,0,0,78,43,835,1,1,0,0,4,24,7,7,1,3,0,9270,201,92,20,45,0,1,0,0,28,0,0,9,0,255,27,404,4,1001,16,486,3,3,0,0,254,0,0,64,2,635,0,0,1474,0,3,0,1,0,0,0,120,0,0,0,0,2,122,7,2,2,98,0,60,274,65,459,4,152,497,14,396,69,35,27,1,272,28,0,0,296,30,3107,2,0,0,2,2,2,0,0,0,2,0,617,24,0,22,24,0,0,0,11,0,0,13,49,0,0,0,0,0,1,1071,237,33,542,34,2968,11,3,251,0,72,166,1,29,1,4530,0,1334,0,21,56,7,516,382,0,247,0,5,0,17,2,1836,0,10,30,7,560,0,0,0,1,1216,0,1,0,0,10,0,167,2,489,0,0,22615,5,2,47,0,14,0,0,0,47,0,1,74718
99,LAO,0,0,0,0,0,0,0,0,0,0,0,0,0,0,0,0,0,0,0,0,0,0,0,0,0,0,0,0,0,0,0,0,0,0,0,0,0,0,0,0,0,0,0,0,0,0,0,0,0,0,0,0,0,0,0,0,0,0,0,0,0,0,0,0,0,0,0,0,0,0,0,0,0,0,0,0,0,0,0,0,0,0,0,0,0,0,0,1,0,0,0,0,0,0,314,0,0,0,0,0,0,0,0,0,0,0,0,0,0,0,0,0,0,0,0,0,0,0,0,0,0,0,0,0,1,0,0,0,0,0,0,0,0,0,0,0,0,0,0,0,0,0,0,0,0,0,0,0,0,0,0,0,0,0,0,0,0,0,0,0,0,0,0,0,0,0,0,0,0,0,0,0,87609,0,0,0,0,0,0,0,0,0,0,0,0,0,0,0,0,588,0,0,0,0,0,0,88513
100,LBN,0,6,0,0,895,0,303,18704,351,0,0,15,0,0,0,103,45,0,0,0,10,0,4365,0,0,0,0,27,21162,871,0,52,1,0,0,0,4,341,0,0,20,0,650,56,7827,0,4790,367,27,25,0,0,0,1080,0,0,100,0,8267,0,291,4660,0,180,25,50,0,0,0,18,0,0,0,0,0,3,3,0,0,64,0,0,97,3,795,8,1634,25,1,0,3,0,0,0,0,1,108,0,0,3883,447,3,0,0,12,6,8,0,25,0,0,0,484,0,0,17,2,0,0,0,3,0,0,0,2,0,0,0,0,0,0,987,542,2,165,0,165,136,0,68,0,53,31,0,29,201,0,0,9,0,437,2,0,0,0,0,16,0,0,0,0,0,56,0,0,24,10,5556,0,0,0,383,3,0,0,0,0,0,0,210,0,15,0,0,42686,0,0,2048,0,0,0,0,0,71,0,0,137230
101,LBR,0,0,0,0,0,0,0,0,0,0,0,0,0,0,0,0,0,0,0,0,0,0,0,0,0,0,0,0,0,0,0,0,0,0,0,0,0,0,0,0,0,0,0,0,0,0,0,0,0,0,0,0,0,0,0,0,0,0,0,0,0,0,0,0,0,0,0,0,0,0,0,0,0,0,0,0,0,0,0,0,0,0,0,0,0,0,0,0,0,0,0,0,0,0,0,0,0,0,0,0,0,0,0,0,0,0,0,0,0,0,0,0,0,0,0,0,0,0,0,0,0,0,0,0,0,0,0,0,0,0,0,0,0,0,0,0,0,0,0,0,0,0,0,0,0,0,0,0,0,0,0,0,0,0,0,0,0,0,0,0,0,0,0,0,0,0,0,0,0,0,0,0,0,0,0,0,0,0,0,0,0,0,0,0,0,0,0,0,0,0,0,0,0,0,0,0,0
102,LBY,29,0,0,9,1566,62,2,2561,927,0,2,307,64,34,37120,156,141,9,113,161,0,36,566,17,19,3,6,9,4862,1385,87,185,83,632,32,0,9,163,2,10,139,0,333,195,9351,102,398,372,665,9,0,6,2,7406,9,0,303,0,2286,0,43,8057,0,13,30,114,0,0,38,2039,0,0,83,0,16,294,73,135,77,624,0,5,883,364,314,42,6377,602,84,257,148,8,448,1,421,25,828,0,276,427,0,9,0,0,1,102,56,1,273,0,29,0,6333,21,4,554,0,0,0,0,22,55,14,14,17,29,0,48,125,106,0,801,229,0,423,0,0,95,7,439,0,244,1886,2,1061,31,1,55,222,113,82,3478,132,0,29,0,281,3,28,0,0,352,2606,14,54,116,95,501,0,5,1029,113,1899,0,0,0,0,66,176,2031,5,3188,19,4,17766,2,6,281,0,4401,0,2,58,586,0,1,148922
103,LCA,0,0,0,0,0,0,0,1,0,0,0,0,0,0,0,0,0,7,0,0,0,0,0,161,0,0,0,0,199,0,0,15,0,0,0,0,0,0,0,0,0,0,0,0,0,0,0,18,0,0,0,0,0,0,0,0,0,0,0,0,0,0,0,0,0,0,0,0,0,0,18,0,0,0,0,0,0,0,0,0,0,0,2,0,0,0,0,2,34,0,0,0,0,0,0,0,0,0,0,0,0,0,0,0,0,0,0,0,0,0,0,0,1,0,0,0,0,0,0,0,0,0,0,0,0,0,0,0,0,0,0,1,1,0,1,0,0,1,0,0,0,0,0,0,0,0,0,0,0,0,0,0,0,0,0,0,0,0,0,0,0,0,0,0,0,0,0,0,0,0,0,0,0,0,0,0,0,0,0,0,0,0,0,0,1820,0,17,0,0,0,0,0,0,0,0,0,2299
104,LKA,0,0,0,0,9421,9,0,34344,478,0,0,88,0,0,1291,3,412,8,1,0,6,5,38,17,832,1263,492,0,75158,9084,6,41,2386,0,0,0,0,11,0,0,4,1,2775,16,19201,0,4585,17,4,2,0,2,0,368,2,0,208,30,13863,0,1,39294,0,23,0,8,0,0,2,546,0,0,4,0,0,1188,1,2,1,33,0,20496,526,0,6,64,257,24052,58,364,3791,0,0,0,127,1903,1486,0,1879,89,29,3,0,0,1,6,3,3,0,0,110,236,117,0,0,15,3138,0,0,0,0,3,609,76,9851,4,0,8,0,2,0,5096,4287,4552,5153,0,6,93,5,305,136,12,20,75,281,5,0,7,351,21,0,216,72,0,0,0,5828,3,27,0,0,2,0,0,1,3,6,2868,11,0,0,2,12456,0,0,0,7,20,0,23,102,337,0,0,69781,0,0,10,0,254,0,0,0,471,18,0,399810
105,LSO,0,1,0,0,3,0,0,149,2,0,0,0,0,0,0,0,0,0,0,0,0,0,1,0,0,0,893,0,125,31,0,5,0,0,0,0,0,1,0,0,0,0,7,1,2,0,22,1,0,0,0,1,0,6,0,0,0,0,3,0,0,284,0,0,0,0,0,0,0,2,0,0,0,0,0,7,0,0,0,5,0,0,59,0,0,0,2,13,0,0,2,0,8,0,0,2,1,0,0,3,0,0,0,0,0,0,0,0,0,0,0,0,19,0,0,6,1,0,0,250,0,0,3,72,2,0,2,0,0,1,0,52,6,1,118,0,16,1,0,4,0,0,5,0,20,0,0,0,0,0,0,1,108,0,0,0,5,0,0,0,0,0,0,0,0,1,0,9,7,0,0,1,1,0,0,0,0,0,0,2,34,2,0,0,579,0,0,0,0,0,0,0,0,17944,0,0,20915
106,LTU,0,0,0,2,0,45,3,277,243,2,0,52,0,0,1,72,0,0,5,2867,0,2,3,0,0,0,0,0,1004,78,0,6,7,0,0,0,0,14,0,1,5,0,48,301,18558,0,626,13,0,0,0,0,0,650,1,0,907,0,241,0,0,15090,0,0,1,0,0,0,1,147,0,0,0,0,0,6,2,2,1,263,0,0,9335,8,1,28,344,519,2,1,18,10,0,24,4,8,0,0,1,10,3,0,0,0,0,3,10948,0,0,0,0,0,163,0,0,8,0,0,0,0,0,0,0,1,0,0,0,0,0,0,0,265,237,0,50,0,0,16,0,5,0,4020,37,0,142,1,0,0,0,0,10,25598,3,0,0,0,0,0,1,0,0,24,0,0,0,130,19,240,0,0,0,0,18,0,0,0,0,1,0,50,0,2,3182,0,8776,2,0,32,0,1,0,0,0,78,0,0,105926
107,LUX,0,0,0,3,0,8,0,48,93,0,0,48,0,0,1,1,0,0,926,0,0,1,4,0,0,0,0,0,58,128,0,5,3,0,0,0,0,4,0,3,4,0,3,18,482,0,85,11,0,0,0,0,0,463,0,0,5,0,129,0,0,256,0,0,1,0,0,0,0,17,0,0,0,0,0,5,1,59,1,56,0,0,52,50,0,16,4,33,1,0,7,0,0,0,14,0,0,0,0,5,0,0,0,0,0,0,2,0,0,0,0,0,93,0,0,0,0,0,0,0,0,0,0,0,0,0,0,0,0,0,0,148,33,0,11,0,0,10,0,3,0,7,26,0,769,0,0,0,0,0,5,11,56,0,0,0,0,0,0,0,0,304,0,0,0,19,48,23,0,0,0,6,61,0,0,0,0,1,0,24,1,1,0,0,577,0,0,2,0,0,0,0,0,12,0,0,5365
108,LVA,0,0,0,5,0,19,0,120,394,1,0,146,0,0,9,104,0,0,10,2047,0,1,0,0,0,0,0,0,583,78,0,6,12,0,0,0,0,7,0,1,4,0,85,400,35784,0,545,13,0,1,0,0,0,441,19,0,4121,0,206,0,0,4737,0,1,0,0,0,0,0,229,0,0,0,0,0,0,0,8,0,128,0,0,5022,0,2,64,313,801,0,0,40,88,0,3,1,19,0,0,0,0,0,0,0,0,0,6,0,0,0,3,0,0,32,1,0,11,0,0,0,0,0,0,0,0,0,0,0,0,0,0,0,598,406,0,57,0,0,6,0,13,0,238,1,0,73,0,0,0,0,0,20,24028,3,0,0,0,0,0,1,0,0,45,1,0,0,121,29,1035,0,0,0,0,1,0,1,0,0,0,0,74,0,5,591,0,10508,8,0,27,0,0,0,0,0,48,0,0,94609
109,MAC,0,0,0,0,0,0,0,15,1,0,0,31,0,0,0,0,0,0,0,0,0,0,10,0,0,0,0,0,37,13,14,1,13,0,0,0,0,0,0,0,0,0,0,0,45,0,1,1,0,0,0,0,0,32,0,0,0,0,14,0,0,27,0,0,0,0,0,0,0,0,0,0,0,0,0,6732,0,0,0,1,0,0,2,0,0,0,0,0,0,0,0,0,0,0,203,1,0,0,0,0,0,0,0,0,0,59,0,0,0,0,0,0,2,0,0,0,0,0,0,0,0,0,0,0,0,0,0,0,0,0,0,3,2,0,9,0,0,0,0,5,0,0,0,0,132,0,0,0,0,0,0,0,0,0,0,0,0,0,0,0,0,0,0,0,0,0,0,2,0,0,0,0,728,0,0,0,0,0,0,0,0,0,0,0,411,0,0,13,0,0,0,0,0,16,0,0,8576
110,MAR,0,0,0,0,237,99,0,409,348,0,0,9199,1,0,144,16,7,0,0,0,0,0,8,0,0,0,0,0,9948,1913,0,36,0,0,1,0,0,21,0,0,1,0,14,30,9419,0,1908,17,162,3,0,0,1,134215,0,0,387,0,137003,0,81,4888,0,0,0,14,0,0,3,131,0,0,11,0,0,1,1,1,1,84,0,0,213,0,280,51,34859,91802,0,0,2,0,7,0,1,1,0,0,58,1,865,0,0,0,0,87,2,0,0,0,6,0,79,0,2,45,0,0,0,0,0,7,1,0,0,2,0,128,4,0,0,37228,1466,0,52,0,0,26,3,79,0,20,0,0,811,0,0,8,0,9,4,0,1,0,0,0,0,7,0,0,1,1,1475,0,1,8,7,1182,0,0,0,6,1,0,0,0,0,0,319,73,0,383,0,0,20572,0,0,186,0,0,0,0,0,74,0,0,503269
111,MDA,0,0,0,12,0,450,8,719,1072,574,0,104,0,0,2,814,0,1,38,3464,0,6,15,0,0,0,0,0,1294,204,0,22,15,0,0,0,0,13,0,2,10,0,435,913,41854,0,167,24,1,3,0,0,0,768,39,0,1249,0,526,0,0,940,0,1,0,0,0,0,0,2516,0,0,0,0,0,16,1,21,3,884,0,1,1770,9,4,22,6494,5344,0,21,47,21,0,613,2,28,0,0,5,7,8,0,0,0,1,6,2209,1,0,0,1,0,82,2,0,27,1,0,0,0,0,0,1,0,1,0,0,0,0,0,1,442,147,0,88,0,0,10,1,6,0,1030,12,1,2095,3,0,0,0,0,3937,101778,2,0,0,0,1,0,2,0,0,239,0,0,0,346,104,192,0,0,0,2,7,0,163,0,0,0,0,1458,0,7,44181,0,19118,1576,0,14,0,1,0,0,0,89,0,0,252981
112,MDG,0,0,0,0,0,2,0,29,6,0,0,0,0,0,0,0,0,0,0,0,0,1,1,0,0,0,94,0,516,61,0,2,0,0,0,0,0,0,1028,0,1,0,2,5,78,0,6,7,2,0,0,1,0,1,0,0,2,0,1650,0,0,3,0,0,0,0,0,0,0,2,0,0,0,0,0,24,0,0,0,12,0,0,8,0,0,1,0,437,0,1,2,2,0,0,1,1,0,0,0,1,7,0,0,0,0,0,0,1,0,0,0,0,16,0,0,0,1,0,0,0,0,0,637,0,0,830,0,0,0,0,0,34,51,1,9,0,0,2,0,2,0,0,5,0,14,0,0,0,0,3027,0,0,0,0,0,0,3,0,0,0,0,0,0,0,0,8,4,10,0,0,0,0,1,0,0,0,0,0,0,0,0,1,0,0,465,0,0,2,0,0,0,0,0,6,0,0,9127
113,MDV,0,1,0,0,23,0,0,227,8,0,0,3,0,0,18,0,1,0,0,0,0,1,14,0,2,0,1,0,211,34,2,3,9,0,0,0,0,2,0,0,2,0,8,1,39,0,12,7,0,0,5,0,0,43,0,0,1,0,51,0,0,116,0,0,0,1,0,0,0,3,0,0,1,0,0,17,0,1,2,3,0,71,8,0,0,1,6,52,0,1,16,0,0,0,19,5,5,0,4,2,0,0,0,0,0,2,0,0,0,0,1,0,20,0,0,1,0,0,0,0,0,1,1,0,20,1,0,1,0,0,0,14,11,1,32,0,24,1,0,18,0,1,4,0,10,1,0,1,1,4,1,16,1,0,0,0,26,0,0,0,0,2,0,0,0,0,0,10,0,0,0,1,115,0,0,0,0,0,0,12,0,2,0,0,433,0,0,8,0,2,0,0,0,19,0,0,1882
114,MEX,0,0,0,0,0,9,0,721,5,0,0,0,0,15,32,2,0,17,5,0,193,9,127,0,0,0,0,0,6780,26,0,308,0,0,0,0,0,42,0,0,763,0,4,14,29,0,25,106,1,7,0,0,0,2234,0,0,6,0,73,0,0,2,0,0,0,1,0,0,0,1,0,0,0,0,0,0,149,0,27,104,0,0,98,0,0,10,0,615,16,0,0,0,0,0,0,0,0,0,0,7,12,3,0,0,0,0,0,0,0,0,0,0,0,0,2,0,0,0,0,0,0,1,0,0,0,0,0,0,0,0,1,39,27,0,17,0,0,281,2,26,0,0,400,0,50,7,0,0,0,0,0,2,1,0,0,0,0,0,0,0,0,1,1,0,0,7,7,162,0,0,0,0,0,0,0,0,0,0,0,0,0,0,0,0,1518580,0,0,50,0,0,0,0,0,1,0,0,1532263
115,MKD,0,0,0,826,0,0,0,969,838,0,0,150,0,0,0,115,0,0,3532,0,0,0,0,0,0,0,0,0,501,335,0,11,0,0,0,0,0,0,0,0,0,0,2,73,2265,0,84,1,0,0,0,0,0,42,0,0,7,0,0,0,0,0,0,0,0,0,0,0,0,23,0,0,0,0,0,0,0,3228,0,51,0,0,213,0,0,2,0,42,0,0,0,0,0,0,0,0,0,0,0,0,0,0,0,0,0,25,0,0,0,0,0,0,4,0,0,11,0,0,0,0,0,0,0,0,0,0,0,0,0,0,0,1,24,0,50,0,0,0,0,0,0,0,0,0,3,0,0,0,0,0,120,0,0,0,0,0,0,0,0,0,0,19358,0,0,0,61,1378,129,0,0,0,0,0,0,0,0,0,0,0,0,0,0,0,0,2452,0,0,1,0,0,0,0,0,7,0,0,36934
116,MLI,0,0,0,0,1,2,0,22,25,0,0,28,201,2963,0,1,0,0,0,2,0,0,7,0,0,0,0,55,617,62,0,66,0,71182,1,0,4241,3,0,7,1,0,1,6,321,0,21,10,0,0,0,0,132,1161,0,0,4,0,13871,0,8239,19,0,1654,1487,13,0,10,6,3,0,0,12,0,0,11,0,0,1,10,0,0,27,0,20,0,10,369,0,6,3,0,0,0,1,1,0,0,0,3615,0,0,0,0,0,1,1,1,0,0,2,0,40,0,0,1,0,0,0,0,1467,7,2,0,0,3,0,4,23680,27171,0,71,12,0,6,0,0,1,1,1,0,6,12,0,52,0,0,5,0,10,0,39,1,0,0,0,1,0,760,0,0,1,0,41,2,1,1,19,0,0,0,2040,1,0,0,0,0,0,0,2,0,1,0,0,550,0,0,3,0,0,0,0,0,16,35,0,166602
117,MLT,0,0,0,0,0,0,0,0,2,0,0,0,0,0,0,3,0,0,0,0,0,0,0,0,0,0,0,0,0,0,0,0,0,0,0,0,0,0,0,0,0,0,2,1,2,0,2,1,0,0,0,0,0,29,0,0,2,0,0,0,0,2833,0,0,0,0,0,0,5,0,0,0,0,0,0,0,0,0,0,7,0,0,31,0,0,0,0,238,0,0,0,0,0,0,2,0,0,0,0,4,0,0,0,0,0,0,0,0,0,0,0,0,0,0,0,0,0,0,0,0,0,0,0,0,0,0,0,0,0,0,0,15,2,0,1,0,0,0,0,0,0,0,0,0,3,0,0,0,0,0,0,0,0,0,0,0,0,0,0,0,0,0,1,0,0,1,1,2,0,0,0,0,10,0,0,0,0,0,0,0,0,0,0,0,8,0,0,0,0,0,0,0,0,6,0,0,3214
118,MMR,0,0,0,0,0,0,0,0,0,0,0,0,0,0,0,0,0,0,0,0,0,0,0,0,0,0,0,0,0,0,0,0,0,0,0,0,0,0,0,0,0,0,0,0,0,0,0,0,0,0,0,0,0,0,0,0,0,0,0,0,0,0,0,0,0,0,0,0,0,0,0,0,0,0,0,0,0,0,0,0,0,0,0,0,0,0,0,0,0,0,0,0,0,0,3,0,0,0,0,0,0,0,0,0,0,0,0,0,0,0,0,0,0,0,0,0,0,0,0,0,0,0,0,0,24,0,0,0,0,0,0,0,0,0,0,0,0,0,0,0,0,0,0,0,0,0,0,0,0,0,0,0,0,0,0,0,0,0,0,0,0,0,0,0,0,0,0,0,0,0,0,0,36288,0,0,0,0,0,0,0,0,0,0,0,0,0,0,0,0,62,0,0,0,0,0,0,36377
119,MNE,0,0,0,621,0,0,0,229,32,0,0,0,0,0,0,1,0,0,3793,0,0,0,0,0,0,0,0,0,16,0,0,0,0,0,0,0,0,0,0,0,0,0,0,11,0,0,1,11,0,0,0,0,0,0,0,0,0,0,0,0,0,0,0,0,0,0,0,0,0,17,0,0,0,0,0,0,0,4482,0,10,0,0,0,0,0,0,0,1120,0,0,0,0,0,0,0,0,0,0,0,0,0,0,0,0,0,811,0,0,0,0,0,0,1,0,0,0,0,0,0,0,0,0,0,0,0,0,0,0,0,0,0,0,199,0,0,0,0,1,0,0,0,0,1,0,26,0,0,0,0,0,0,0,0,0,0,0,0,0,0,0,0,20363,0,0,0,9,410,3,0,0,0,0,0,0,0,0,0,0,0,0,0,0,0,0,281,0,0,10,0,0,0,0,0,0,0,0,32459
120,MNG,1,0,0,1,3,10,0,485,1915,196,0,14,0,0,11,63,0,0,2,336,1,3,30,1,1,2,1,0,820,262,6,11,82,0,0,0,0,19,0,0,26,12,15,514,2734,0,55,19,0,5,26,0,0,66,91,0,156,0,492,0,0,127,0,0,0,1,0,0,0,23,0,0,1,1,2,1088,4,2,2,1533,0,1,701,0,3,21,71,193,4,19,202,92,0,4,10,2343,1,0,7,6,0,0,0,0,95,2,291,65,0,123,0,0,406,4,0,2,36,0,0,0,0,0,27,0,8,0,0,1,0,0,0,164,35,27,108,0,8,15,3,94,0,270,85,3,23,1,0,1,0,1,8,36137,2,0,0,0,61,0,1,0,0,9,0,0,2,68,5,89,0,0,0,1,38,0,1,0,0,3,0,289,0,6,18,0,3217,904,0,15,0,13,0,0,0,24,0,0,57758
121,MOZ,1,2,0,0,9,0,0,2198,11,0,0,157,0,0,0,5,0,7,0,0,0,1,106,0,0,1,1247,0,1242,71,32,19,1,0,0,0,0,2,0,0,2,0,131,6,221,0,42,15,0,0,0,14,0,336,0,0,6,0,75,0,0,5178,0,0,0,2,0,0,0,3,0,0,0,0,0,2,0,0,0,28,0,0,468,0,0,2,45,69,0,0,2,0,0,0,0,32,2,0,0,0,0,0,0,0,0,306,0,0,0,0,1,0,12,0,0,2,2,0,0,0,0,0,18,2157,6,0,0,0,0,15,0,232,19,3,1915,0,62,2,3,62,0,0,1,0,795,5,0,0,0,0,2,0,0,0,0,0,16,0,0,0,0,3,0,1,0,2,2,17,0,0,0,0,14,0,0,0,0,0,0,0,0,2,0,0,5924,0,0,92,0,0,0,0,0,782,0,0,24268
122,MRT,0,0,0,0,0,1,0,11,6,0,0,15,23,29,1,0,0,0,0,0,0,1,4,0,0,0,0,15,124,21,0,2,5,256,0,0,59,1,0,14,1,0,0,1,70,0,4,3,1,0,0,0,35,317,0,0,2,0,1441,0,253,18,0,4,37,8,92,55,2,1,0,0,7,0,0,4,0,0,1,2,0,0,5,0,0,0,22,850,0,0,13,0,0,0,0,0,0,0,0,22,3,0,0,0,0,1,0,0,0,0,1,0,24,0,85,0,0,0,0,0,0,4,1,0,0,1,0,2,62,65,1,21,3,0,2,0,0,1,0,1,0,1,8,0,40,0,0,3,0,5,0,2,1,0,0,0,0,0,20,0,0,0,19,1,1,1,0,6,0,0,0,98,1,0,0,0,0,0,0,2,0,5,0,0,529,0,0,2,0,0,0,0,0,19,3,0,4904
123,MTQ,0,0,0,0,0,0,0,8,0,0,0,0,0,0,0,0,0,4,0,0,0,0,0,8,0,0,0,0,83,0,0,3,0,0,0,0,0,1,0,0,1,0,0,0,0,0,0,47,0,0,0,0,0,0,0,0,0,0,0,0,0,0,0,0,0,1781,0,0,0,1,1,0,1287,0,0,0,0,0,0,0,0,0,0,0,0,0,0,0,2,0,0,0,0,0,0,0,0,0,0,0,0,151,0,0,0,0,0,0,0,0,0,0,5,0,0,0,0,0,0,0,0,0,0,0,0,0,0,0,0,0,0,0,1,0,0,0,0,4,0,0,0,0,0,0,0,0,0,0,0,0,0,2,0,0,0,0,0,0,0,0,0,0,0,0,0,0,0,0,0,0,0,0,0,0,0,0,0,0,0,0,0,0,0,0,891,0,1,13,0,0,0,0,0,0,0,0,4295
124,MUS,0,0,0,0,0,0,0,2606,15,0,0,185,0,0,5,0,0,0,0,0,0,0,2,1,0,0,311,0,1530,244,7,2,2,0,0,0,0,1,0,0,1,0,5,1,0,0,28,2,0,0,0,0,0,9,0,0,7,0,4155,0,0,9610,0,0,0,0,0,0,0,4,0,0,0,0,0,53,0,0,0,16,0,0,244,0,0,3,2,1098,1,0,2,0,0,0,1,0,0,0,0,1,0,0,0,0,0,4,0,1,0,0,32,0,8,0,0,2,0,0,0,0,0,0,0,3,2,0,0,0,0,0,0,84,18,0,77,0,0,1,0,20,0,0,2,0,6,0,0,0,0,1124,0,0,1,0,0,0,57,0,0,0,0,0,0,0,0,2,1,25,0,0,0,0,1,0,0,0,0,0,0,1,17,1,0,0,865,0,0,0,0,2,0,0,0,287,0,0,22798
125,MWI,0,0,40,0,0,11,0,341,25,0,0,0,0,0,0,8,0,0,0,0,0,0,859,0,0,0,273,0,489,386,0,34,0,0,0,0,0,6,0,46,2,0,3,1,0,0,76,10,0,0,0,0,0,0,0,0,12,0,522,0,0,0,0,0,0,0,0,0,0,12,0,0,0,0,0,0,0,0,0,9,0,0,35,0,0,5,0,206,0,0,0,0,156,0,0,0,0,0,0,0,0,0,0,4,0,1,0,0,0,0,0,0,2,0,0,0,0,0,0,61568,0,0,0,0,0,0,0,0,0,0,1,252,41,0,30,0,0,1,1,0,0,6,0,0,36242,0,0,0,0,0,0,38,5619,0,0,0,0,0,0,0,0,0,0,0,0,1,1,102,0,0,0,0,0,0,0,0,0,0,0,3,0,0,0,0,1237,0,0,28,0,0,0,0,0,117864,0,0,226609
126,MYS,6,0,0,0,0,70,0,5497,36,0,0,15,0,0,0,1,0,0,1,0,8,5,73,0,2135,10,12,0,5546,6,0,30,718,0,0,0,0,12,0,0,1,0,9,7,285,0,72,37,0,2,0,2,0,0,1,0,35,0,0,0,0,1287,0,0,0,0,0,0,0,6,0,0,7,4,7,13942,2,0,4,136,0,131,834,0,0,5,0,522,0,57,1324,4,0,0,5240,163,0,9,53,0,0,0,0,0,0,0,6,710,0,0,0,0,38,0,0,3,716,0,0,0,0,0,412,0,0,0,0,0,0,0,0,184,74,214,1616,0,0,56,5,371,0,0,20,26,29,0,0,1,0,0,16,0,7,0,0,0,165856,0,3,0,0,3,0,0,16,4,4,67,0,0,0,0,16558,0,0,0,1,0,0,0,0,12,0,0,19463,0,0,94,0,97,0,0,0,163,1,0,245215
127,MYT,0,0,0,0,0,0,0,0,0,0,0,0,0,0,0,0,0,0,0,0,0,0,0,0,0,0,0,0,0,0,0,1,0,0,0,0,0,0,0,0,0,0,0,0,0,0,0,0,0,0,0,0,0,0,0,0,0,0,0,0,0,0,0,0,0,0,0,0,0,0,0,0,0,0,0,0,0,0,0,0,0,0,0,0,0,0,0,0,0,0,0,0,0,0,0,0,0,0,0,0,0,0,0,0,0,0,0,0,0,0,0,0,0,0,0,0,0,0,0,0,0,0,0,0,0,0,0,0,0,0,0,0,0,0,0,0,0,0,0,0,0,0,0,0,0,0,0,0,0,3115,0,6,0,0,0,0,0,0,0,0,0,0,0,0,0,0,0,0,0,0,0,0,0,0,0,0,0,0,0,0,0,0,0,0,0,0,0,0,0,0,0,0,0,0,0,0,3122
128,NAM,0,0,0,0,0,0,0,538,2,0,0,0,0,0,0,1,0,2,0,0,0,0,0,0,0,0,603,0,309,0,0,4,0,0,0,0,0,0,0,0,0,0,36,2,0,0,11,3,0,0,0,3,0,26,0,0,1,0,0,0,0,1473,0,0,0,0,0,0,0,0,0,0,0,0,0,0,0,0,0,7,0,0,137,0,0,0,12,18,0,0,0,0,0,0,0,8,0,0,0,0,0,0,0,0,0,0,0,0,0,0,0,0,1,0,0,1,0,0,0,0,0,0,3,251,0,0,0,0,0,0,0,49,4,0,477,0,0,1,1,14,0,0,0,0,108,1,0,0,0,0,0,0,0,0,0,0,0,0,0,0,0,1,0,0,0,0,1,2,0,0,0,0,0,0,0,0,0,0,0,0,0,0,0,0,1164,0,0,0,0,0,0,0,0,0,0,0,5275
129,NCL,0,0,0,0,0,0,0,61,0,0,0,0,0,0,0,0,0,0,0,0,0,0,0,0,0,0,0,0,38,0,0,1,0,0,0,0,0,4,0,0,0,0,0,0,0,0,0,2,0,0,0,0,0,5,0,0,0,0,0,0,0,0,0,0,0,0,0,0,0,0,0,0,0,0,0,0,0,0,0,0,0,0,4,0,0,0,0,0,0,0,0,0,0,0,50,0,0,0,0,0,0,0,0,0,0,0,0,0,0,0,0,0,0,0,0,0,0,0,0,0,0,0,0,0,2,0,0,0,0,0,0,0,0,0,57,0,0,1,0,0,0,0,0,0,3,0,0,344,0,0,0,11,0,0,0,0,0,0,0,0,0,0,0,0,0,1,0,0,0,0,0,0,253,0,0,0,0,0,0,0,0,0,0,0,124,0,0,0,0,1,0,0,0,0,0,0,962
130,NER,0,0,0,0,2,0,0,23,24,0,0,4,10811,754,3,0,0,1,0,0,0,0,0,0,0,0,2,0,197,6,0,3,0,59,95,0,0,0,0,1,0,0,2,1,105,0,11,1,0,0,0,0,0,51,0,0,4,0,44,0,23,606,0,223,0,0,0,0,1,12,0,0,0,0,0,0,0,0,0,8,0,0,147,0,0,0,0,274,0,0,15,0,0,0,0,2,0,0,0,618,0,0,0,0,0,0,0,0,0,0,0,0,0,0,55,2,0,0,0,0,0,0,0,0,0,0,0,0,0,1247,0,55,5,0,3,0,0,0,0,2,0,0,0,0,2,0,0,0,0,0,0,0,0,0,0,0,0,0,55,0,0,0,17,0,0,1,0,4,0,0,27,3787,0,0,0,0,0,0,0,1,0,5,0,0,1644,0,0,0,0,0,0,0,0,11,0,0,21056
131,NGA,0,0,0,0,109,16,0,595,1235,0,0,146,6442,195,217,9,1,47,0,0,7,4,0,0,0,0,132,27,4867,239,0,9,0,5348,10176,0,0,12,0,55,0,0,53,16,1634,0,231,19,0,2,0,0,0,2178,0,0,100,0,410,0,2390,27029,0,4751,217,0,0,0,516,697,0,0,0,0,0,0,0,0,0,451,0,0,6281,0,0,20,0,8821,0,0,698,0,0,0,0,143,0,0,0,10721,6,4,0,0,0,0,3,0,0,0,0,0,0,0,4,23,0,0,0,0,0,0,0,0,0,0,0,0,94,0,0,1408,121,0,130,0,0,7,0,147,0,18,0,0,64,0,0,0,0,0,0,0,0,0,0,0,0,0,1603,0,0,0,0,57,0,1,5,150,1,0,1782,27266,0,0,0,0,0,0,0,32,0,0,0,0,72162,0,0,26,0,0,0,0,0,868,8,0,203256
132,NIC,2,0,0,0,0,35,0,72,17,0,0,1,0,0,3,2,0,3,0,0,19,15,132,0,0,0,0,0,1767,22,0,57,2,0,0,0,0,109,0,0,99116,0,2,5,20,0,38,144,0,4,0,0,0,696,0,0,15,0,33,0,0,7,0,0,0,1,0,0,0,6,0,394,0,0,1,2,41,0,9,9,0,0,10,5,0,2,1,144,37,0,7,0,0,0,0,0,0,0,0,3,0,0,0,0,0,0,0,0,0,0,0,0,1123,0,0,0,0,0,0,0,0,0,0,0,0,0,0,0,0,0,0,50,29,0,6,0,0,932,0,4,0,0,224,0,8,6,0,0,0,0,0,9,0,0,0,0,0,0,0,0,0,0,0,0,1,4,1,50,0,0,0,0,2,0,0,0,0,2,0,1,0,0,1,0,52495,0,0,221,0,0,0,0,0,4,0,0,158183
133,NLD,1179,0,0,1,0,61,0,5355,972,0,0,22995,0,0,1,54,0,2,48,1,0,7,724,0,44,5,28,0,9809,1891,0,188,0,0,0,0,0,53,0,20,153,0,73,239,386,0,1801,232,0,12,0,0,0,12759,0,0,169,0,3516,0,0,8437,0,28,53,82,0,0,5,46,0,1,0,0,0,252,17,102,2,1320,0,0,1034,0,0,50,587,39,0,0,43,0,5,0,227,10,0,0,0,1387,0,5,0,0,0,381,16,0,0,0,0,0,364,0,0,73,0,0,0,0,0,0,0,2,22,0,0,0,1,0,0,0,1027,0,1145,0,0,38,56,69,0,31,23,0,919,12,0,0,0,0,99,15,1106,0,0,0,0,0,0,0,0,123,266,0,1888,150,82,812,0,0,0,61,957,0,0,0,0,0,0,1338,0,174,0,0,22406,0,0,132,0,0,0,0,0,527,0,0,110825
134,NOR,1,0,0,0,0,2,0,380,50,0,0,202,0,0,644,13,0,0,3,0,0,1,9,1,0,0,5,0,1,36,0,60,2,0,0,0,0,17,0,0,17,0,23,22,42,0,2576,19,0,0,0,0,0,1916,1,0,0,0,3,0,0,2095,0,0,12,0,0,0,1,0,0,0,0,0,1,30,8,3,3,401,0,0,153,0,0,127,6,295,8,3,0,0,0,0,4,0,0,0,0,82,0,1,0,0,0,0,17,0,0,0,0,0,745,0,0,6,0,0,0,0,0,0,0,0,0,0,0,0,0,0,0,176,0,0,74,0,0,7,0,355,0,0,199,0,76,2,0,0,0,0,1,0,145,0,0,0,10,0,1,0,0,4,0,0,0,42,11,3804,0,0,0,15,303,0,0,0,0,6,0,0,3,3,0,0,138,0,0,5,0,159,0,0,0,118,0,0,15704
135,NPL,0,0,0,0,324,0,0,1345,117,0,0,1,0,0,1629,1,17,0,0,0,0,0,0,0,1917,319,0,0,715,94,0,4,0,0,0,0,0,0,0,0,2,0,12,3,701,0,62,0,0,0,0,0,0,66,0,0,47,0,164,0,0,0,0,0,0,0,0,0,0,4,0,0,0,0,0,3648,0,0,0,28,0,158512,100,0,0,8,0,109,0,62,0,0,0,0,81,1142,42,0,0,0,0,0,0,0,0,5,1,0,0,0,0,0,2,0,0,1,0,0,0,0,0,0,0,0,28062,0,0,0,0,0,0,161,90,0,155,0,0,6,0,360,0,1,0,0,16,0,0,0,6,0,0,0,0,0,0,0,0,0,0,0,0,0,0,0,0,1,3,46,0,0,0,0,14400,0,0,0,0,0,0,2,0,0,0,0,8429,0,0,0,0,382,0,0,0,11,0,0,223416
136,NZL,0,0,0,0,0,1,0,53573,29,0,0,0,0,0,0,2,0,4,50,0,0,0,0,0,44,6,0,0,1409,39,0,33,0,0,0,0,0,8,0,0,2,0,13,7,165,0,139,2,0,0,0,0,0,113,0,0,20,0,17,0,0,7733,0,0,1,0,0,0,0,0,0,0,0,0,0,487,0,29,0,71,0,0,763,0,0,0,0,150,0,0,633,0,0,0,323,427,0,0,0,21,0,0,0,0,0,0,3,0,0,0,0,0,45,0,0,3,0,0,0,0,0,0,0,0,185,0,0,5,0,0,0,61,44,0,0,0,0,15,3,1,0,0,4,0,17,3,0,10,0,0,5,0,66,0,0,0,300,0,0,0,0,10,15,0,0,2,3,65,1,0,0,0,2399,0,0,0,0,0,0,0,0,4,0,0,7093,0,0,2,0,2,0,378,0,0,0,0,77058
137,OMN,15,568,0,0,52921,7,0,5266,327,0,0,144,0,0,369,14,1766,8,0,1,5,4,51,23,90,704,115,0,16470,562,142,36,391,0,0,0,0,15,0,0,7,6,380,10,1441,0,550,22,141,4,63,4,0,828,2,0,64,31,1085,0,1,15011,0,17,0,9,0,0,2,644,0,0,4,6,1,713,1,1,0,49,0,10002,600,122,58,12,463,4226,60,686,675,0,18,0,21,282,5853,0,611,91,919,5,0,0,0,5,4,4,1,0,84,48,48,1,0,22,1285,0,0,0,0,3,339,81,3843,3,0,5,0,10,0,1092,549,2828,1058,0,16934,79,3,982,7,8,7,12,343,5,6016,5,2204,13,2,41,111,261,4,0,2944,3,34,0,0,2,818,0,20,5,4,441,0,0,8,2,756,0,0,0,4,23,0,64,88,672,0,1,61640,0,2,11,0,67,0,0,7,272,15,2,232070
138,PAK,0,0,0,0,9760,7,0,6456,1147,0,0,111,0,0,585,20,549,9,0,56,6,3,25,18,65,1672,103,0,20645,406,0,31,258,0,0,0,0,25,0,0,2,0,53,39,13867,0,1172,16,20,3,1,2,0,394,2,0,151,25,883,0,0,15909,0,14,0,3,0,0,0,349,0,0,0,0,0,616,1,0,0,176,0,0,451,316407,99,8,681,2269,64,57,394,0,0,0,23,85,2363,0,66,81,99,3,0,0,2,3,7,0,0,0,70,51,34,0,0,7,2027,0,0,0,0,0,348,58,4483,0,0,0,0,0,1,4446,354,7010,1100,0,0,94,0,415,4,17,6,8,317,4,0,1,514,0,2,0,60,0,0,0,2169,2,28,0,0,0,0,0,0,28,5,995,0,39,0,0,57072,1017,0,0,5,21,0,930,77,291,0,0,73017,0,0,10,0,250,0,0,0,234,14,0,556452
139,PAN,1,0,0,0,0,4,0,3,0,0,0,0,0,0,1,0,0,0,1,0,0,3,5,0,0,0,0,0,189,0,0,47,0,0,0,0,0,59,0,0,1515,0,1,2,10,0,2,91,0,0,0,0,0,262,0,0,0,0,0,0,0,22,0,0,0,0,0,0,0,0,0,0,0,0,0,0,33,0,3,18,0,0,4,0,0,0,0,74,11,0,0,0,0,0,0,0,0,0,0,2,0,3,0,0,0,0,0,0,0,0,0,0,18,0,0,0,0,0,0,0,0,0,0,0,0,0,0,0,0,0,0,10,3,0,3,0,0,0,0,0,0,0,49,0,13,3,0,0,0,0,0,0,0,0,0,0,0,0,0,0,0,0,0,0,0,6,0,2,0,0,0,0,1,0,0,0,0,0,0,0,0,0,0,0,5561,0,0,8,0,0,0,0,0,0,0,0,8043
140,PER,614,0,0,1,0,50360,0,2030,291,0,0,115,0,3,585,5,0,8,26,2,1,3068,5598,1,0,0,0,0,6972,1029,0,22529,5646,0,0,0,0,1793,0,2,1450,0,13,22,2495,1,257,1118,0,1661,0,0,0,22599,0,0,69,0,1420,0,0,42,0,0,1,0,0,0,8,56,0,53,103,0,5,44,112,33,245,116,0,1,114,5,0,21,589,21182,12,1,19155,0,0,0,1,2,0,0,1,20,0,1,0,0,0,13,3,2,0,0,0,0,3195,0,1,5,2,0,0,0,0,0,4,1,1,0,1,0,0,0,2,634,249,2,203,0,0,1289,0,324,0,12,892,190,132,608,0,0,0,0,3,49,258,0,0,0,4,0,1,0,0,26,0,0,4,30,17,1151,0,0,0,0,23,0,0,0,0,9,0,8,0,2,0,1,153372,0,1,15717,0,56,0,0,0,27,0,0,352231
141,PHL,346,0,0,0,8367,17,0,28279,1476,0,0,365,0,0,0,5,366,56,0,1,0,14,0,0,4120,6,0,0,79283,880,0,81,19642,0,0,0,0,25,0,0,45,0,900,53,818,0,1240,46,31,3,0,0,0,5989,0,0,225,0,851,0,0,7840,0,4,0,0,0,0,0,548,0,12,0,3610,0,35479,0,0,0,113,0,0,3010,0,0,330,17,12244,0,0,43706,0,0,0,1328,7561,1253,6,216,22,195,0,0,0,0,11,0,3419,0,0,1,0,176,0,0,31,0,0,0,0,0,0,0,0,47456,0,0,1,0,0,2,1764,1635,0,3696,0,0,190,0,0,80,2,109,622,92,8,0,1,219,0,0,0,0,1,0,0,1827,0,0,0,0,0,3,0,0,7,5,901,0,0,0,0,809,0,0,0,0,0,0,37,0,1,0,0,506348,0,0,39,0,990,0,0,0,48,0,0,841555
142,PNG,0,0,0,0,0,0,0,1010,4,0,0,1,0,0,307,0,0,0,0,0,0,0,3,0,2,0,0,0,119,5,0,3,6,0,0,0,0,3,0,0,2,0,1,0,1,0,4,2,0,0,0,0,0,6,0,0,1,0,1,0,0,60,0,0,0,0,0,0,0,0,0,0,0,0,0,25,2,1,0,1,0,0,15,0,0,1,2,5,2,0,10,0,0,0,1,2,0,0,0,2,0,0,0,0,0,0,0,0,0,0,0,0,175,0,0,1,0,0,0,0,0,0,0,0,2,0,0,0,0,1,0,2,1,0,152,0,0,1,0,194,0,0,31,0,3,0,0,0,0,0,0,0,0,0,0,0,15,0,0,0,0,0,0,0,0,1,1,3,0,0,0,0,12,0,0,0,0,1,0,0,0,1,0,0,627,0,0,0,0,1,0,15,0,3,0,0,2853
143,POL,1,0,0,2,0,1,0,32,2619,0,0,922,0,0,28,71,0,0,1718,81,0,4,15,1,0,0,0,0,642,33,0,18,11,0,0,0,0,16,0,0,13,0,85,4641,123040,1,1512,105,1,0,0,0,1,3012,90,0,5,0,7,0,0,167,0,3,1,0,0,0,0,367,0,0,0,0,2,43,11,211,4,350,0,0,15790,46,0,556,24,5516,12,0,69,1,1,0,12,3,0,0,0,57,2,1,0,0,0,7,10,0,0,0,0,0,997,0,0,19,0,0,0,0,0,0,0,0,3,0,1,0,0,0,0,2098,759,0,15,0,0,20,0,48,0,0,288,0,112,1,0,0,0,0,5,4,45,0,0,0,2,0,2,0,0,683,14,0,0,2426,139,2444,0,0,0,3,62,0,0,0,0,9,0,1,1,10,2,0,61257,0,1,67,0,5,0,0,0,20,0,0,233557
144,PRI,0,0,0,0,0,0,0,1,0,0,0,0,0,0,0,0,0,0,0,0,0,0,0,0,0,0,0,0,3,0,0,9,0,0,0,0,0,0,0,0,0,0,1,0,0,0,0,416,0,0,0,0,0,1,0,0,0,0,0,0,0,0,0,0,0,0,0,0,0,0,0,0,0,0,0,0,0,0,214,0,0,0,0,0,0,1,0,0,0,0,0,0,0,0,1,0,0,0,0,0,0,2,0,0,0,0,0,0,0,0,0,0,382,0,0,0,0,0,0,0,0,0,0,0,0,0,0,0,0,0,0,0,0,0,2,0,0,12,0,12,0,0,0,0,0,0,0,0,0,0,0,0,0,0,0,0,0,0,0,0,0,0,0,0,0,0,0,0,0,0,0,0,4,0,0,0,0,0,0,0,0,0,0,0,90687,0,0,0,0,0,0,0,0,0,0,0,91748
145,PRK,0,0,0,0,0,0,0,31,35,31,0,0,0,0,0,1,0,0,0,0,0,0,0,0,0,0,0,0,1,0,0,0,0,0,0,0,0,21,0,0,5,0,1,6,0,0,17,0,0,0,0,0,0,0,0,0,0,0,0,0,1,0,0,0,0,0,0,0,0,0,0,0,0,0,0,6,4,0,0,0,0,0,28,0,0,0,0,6,0,0,0,2729,0,140,57,7,0,0,0,0,0,0,0,0,0,0,0,0,0,35,0,0,572,0,0,0,0,0,0,0,0,0,0,0,1,0,0,0,0,0,0,1,0,0,3,0,0,19,2,1696,0,0,3,0,1,0,0,0,0,0,0,0,0,0,0,0,2,0,2,0,0,0,0,0,0,2,0,1,0,0,0,0,38,0,38,0,0,0,0,0,0,52,0,0,24,365,0,3,0,0,0,0,0,0,0,0,5987
146,PRT,8,0,0,0,0,0,0,0,95,0,0,5419,0,0,0,15,0,3,1,0,0,0,692,0,0,0,3,0,2586,2441,373,44,0,0,0,0,0,6,0,0,11,0,8,6,6811,0,132,42,0,0,0,0,0,20884,0,0,15,0,2958,0,0,5220,0,0,0,22,0,0,0,0,0,0,0,0,0,3,1,0,0,112,0,0,457,0,0,31,0,0,0,0,0,0,0,0,0,0,0,0,0,9,0,0,0,0,0,10047,0,0,0,0,0,0,110,0,0,4,0,0,0,0,0,0,0,0,0,0,0,0,0,0,0,410,84,0,21,0,0,0,0,14,0,0,19,0,0,5,0,0,0,0,23,0,134,0,0,0,0,0,0,0,0,0,0,2,0,2,6,212,0,0,0,0,65,0,0,0,0,0,0,0,0,0,0,0,18386,0,0,1062,0,0,0,0,0,689,0,0,79703
147,PRY,0,0,0,0,0,33422,0,70,9,0,0,16,0,0,205,1,0,0,1,0,0,1284,6340,0,0,0,0,0,249,0,0,503,1206,0,0,0,0,28,0,1,19,0,2,6,160,0,31,33,0,0,0,0,0,946,0,0,2,0,0,0,0,7,0,0,0,0,0,0,0,0,0,1,19,0,27,24,4,2,0,15,0,0,92,0,0,2,15,212,0,1,3443,0,0,0,0,1,0,0,0,0,0,0,0,0,0,0,0,1,0,0,0,0,92,0,0,0,1,0,0,0,0,1,3,0,0,0,0,0,0,0,0,80,30,1,29,0,0,16,2,131,0,0,4,41,547,0,0,0,0,0,0,7,0,0,0,0,2,0,0,0,0,1,0,0,41,1,2,10,0,0,0,0,0,0,0,0,0,0,0,0,0,0,0,3,10559,0,0,55,0,14,0,0,0,17,0,0,60090
148,PSE,1,0,0,0,1,0,0,92,67,0,0,0,0,0,252,33,0,1,1,52,0,3,40,2,0,0,0,0,17,1,0,16,5,0,0,0,0,24,0,1,38,0,79,21,5,0,157,60,0,0,0,0,0,352,0,0,16,0,26,0,1,1772,0,3,0,0,0,0,0,0,0,0,0,0,3,50,22,3,5,366,0,0,80,0,1,2,9468,3,17,317,0,0,0,0,3,0,0,0,294,51,0,1,0,0,0,0,10,0,0,0,0,0,1579,0,0,3,0,0,0,0,0,0,0,0,0,0,0,0,0,0,0,132,38,0,106,0,0,111,0,232,0,0,429,0,28,5,0,0,0,0,160,0,6,0,0,0,1,0,4,0,0,2,0,0,0,19,3,72,0,0,0,3,36,0,0,0,0,13,0,0,0,15,0,0,17431,0,1,2,0,7,0,1,0,34,0,0,34308
149,PYF,0,0,0,0,0,0,0,61,0,0,0,0,0,0,0,0,0,0,0,0,0,0,0,0,0,0,0,0,53,0,0,0,0,0,0,0,0,1,0,0,0,0,0,0,0,0,0,0,0,0,0,0,0,0,0,0,0,0,0,0,0,0,0,0,0,0,0,0,0,0,0,0,0,0,0,0,0,0,0,0,0,0,1,0,0,0,0,0,0,0,0,0,0,0,0,0,0,0,0,0,0,0,0,0,0,0,0,0,0,0,0,0,9,0,0,0,0,0,0,0,0,0,0,0,0,0,0,199,0,0,0,0,1,0,135,0,0,0,0,0,0,0,1,0,2,0,0,0,0,0,0,2,0,0,0,0,0,10,0,0,0,0,0,0,0,1,0,0,0,0,0,0,0,0,0,0,0,0,0,0,0,0,0,0,510,0,0,0,0,0,0,0,0,0,0,0,986
150,QAT,2,47,0,0,567,0,0,603,36,0,0,6,0,0,27,5,15,0,0,0,0,4,8,2,3,0,1,0,1449,43,31,22,17,0,0,0,0,4,0,0,5,0,50,13,155,2,77,4,70,0,1,0,0,83,0,0,7,1,192,0,0,550,0,1,0,0,0,0,0,40,0,0,0,0,1,46,2,0,1,22,0,30,60,19,16,3,44,159,5,109,27,15,11,1,89,12,76,0,8,10,448,1,0,0,0,1,0,0,0,0,1,0,204,9,0,4,11,0,0,0,5,0,0,5,21,0,0,0,0,0,0,90,48,15,90,19,1298,4,1,189,0,3,55,0,10,0,3133,0,0,0,2,46,2,0,139,0,110,0,2,0,8,0,594,0,3,5,2,40,0,0,0,0,404,0,0,0,0,3,0,24,1,162,0,0,2716,2,1,1,0,5,0,0,0,10,0,0,14856
151,REU,0,0,0,0,0,0,0,33,0,0,0,0,0,0,0,0,0,0,0,0,0,0,0,0,0,0,0,0,22,0,0,3,0,0,0,0,0,1,333,0,0,0,0,0,0,0,0,0,0,0,0,0,0,0,0,0,0,0,0,0,0,0,0,0,0,103,0,0,0,1,0,0,137,0,0,0,0,0,0,0,0,0,0,0,0,0,0,0,0,0,0,0,0,0,0,0,0,0,0,0,0,0,0,0,0,0,0,0,0,0,0,0,0,0,0,0,0,0,0,0,0,105,0,0,0,0,0,0,0,0,0,0,2,0,3,0,0,0,0,0,0,0,0,0,0,0,0,0,0,0,0,16,0,0,0,0,0,0,0,0,0,0,0,0,0,0,0,0,0,0,0,0,0,0,0,0,0,0,0,1,0,0,0,0,29,0,0,0,0,0,0,0,0,40,0,0,829
152,ROU,0,0,0,8,0,2,0,3150,6581,89,0,425,0,0,186,1315,0,17,372,2,0,2,1,0,0,0,0,0,22622,1059,0,42,0,0,0,0,0,7,0,0,32,0,1108,3207,82978,0,852,17,0,8,0,0,0,4842,1,0,292,0,4298,0,0,1898,0,0,0,0,0,0,0,13012,0,0,0,0,0,0,0,31,0,27607,0,0,3500,238,1,46,15370,46937,0,1,2,0,0,111,0,0,0,0,3,2,0,0,0,0,1,138,4,0,0,65,0,0,101,4,0,106,0,0,0,0,0,0,0,0,0,0,0,0,0,0,0,1473,566,0,370,0,0,36,0,101,0,221,13,0,1288,0,0,0,0,0,0,668,2,0,0,0,0,0,0,0,0,2051,1,0,0,2653,82,2497,0,0,0,0,4,0,46,0,0,0,0,2472,0,0,0,54,57966,360,0,215,0,2,0,0,0,319,0,0,316153
153,RUS,3,2,0,7,35,23,1,350,197,21,0,41,3,0,26,19,2,1,460,11,3,3,34,1,1,4,9,0,1950,49,2,19,19,0,0,0,0,17,0,0,8,0,114,373,6406,21,291,24,5,1,0,1,10,549,5,0,102,0,291,0,2,1056,0,1,14,0,0,0,14,385,0,0,3,0,3,838,5,52,3,1960,0,37,428,2015,18,15,131,905,4,36,160,760,4,1111,156,59,12,1,41,132,22,1,0,0,0,11,140,52,0,46,1,0,472,34,0,4,43,0,0,0,0,0,55,6,96,0,19,0,1,7,0,373,190,70,82,0,60,29,1,170,0,1,100,2,57,1,0,0,2,0,26,0,452,0,0,0,95,0,3,0,0,258,124,0,6,1742,37,196,0,0,0,33,388,1,18,0,0,3,0,68,25,57,0,0,13742,130,0,48,0,10,0,0,0,55,0,0,41540
154,RWA,0,0,0,0,0,0,0,0,0,0,0,0,0,0,0,0,0,0,0,0,0,0,0,0,0,0,0,0,0,0,0,0,0,0,0,0,0,0,0,0,0,0,0,0,0,0,0,0,0,0,0,0,0,0,0,0,0,0,0,0,0,0,0,0,0,0,0,0,0,0,0,0,0,0,0,0,0,0,0,0,0,0,0,0,0,0,0,0,0,0,0,0,0,0,0,0,0,0,0,0,0,0,0,0,0,0,0,0,0,0,0,0,0,0,0,0,0,0,0,0,0,0,0,0,0,0,0,0,0,0,0,0,0,0,0,0,0,0,0,0,0,0,0,0,0,0,0,0,0,0,0,0,0,0,0,0,0,0,0,0,0,0,0,0,0,0,0,0,0,0,0,0,0,0,0,0,0,0,0,0,0,0,0,0,0,0,0,0,0,0,0,0,0,0,0,0,0
155,SAU,56,2793,0,0,92984,119,194,18884,3552,33,0,716,7,1,3589,113,9309,31,7,2,14,29,907,72,407,1240,312,114,72772,2696,319,417,2850,24,459,0,5,271,0,4,147,4,1624,103,14955,255,4468,323,3749,27,1230,24,0,5955,8,1,634,80,10969,0,65,64629,0,87,247,22,0,0,1,4409,0,10,0,92,24,5967,123,17,35,533,0,9480,3553,4662,6843,111,7063,20054,266,4207,3973,1249,1162,49,3296,1860,35795,0,6513,952,23113,25,0,0,4,19,27,59,610,5,249,84,10011,891,0,118,2822,0,0,0,116,8,770,212,19090,0,0,39,0,376,4,14872,3436,5375,2912,125,78572,408,15,2290,107,54,2757,82,1101,58,9552,2,8927,0,392,140,256,0,10177,174,10864,10,173,0,993,18,15362,4,3,51,23,4089,1,4,1217,67,16179,2,26,0,8,148,48,2649,272,5458,0,1,298006,166,11,2146,0,493,0,4,10,1277,39,5,1007470
156,SDN,0,0,1,0,17913,43,0,3496,702,0,0,216,118,5,375,25,1621,2,0,0,1,2,4,0,0,3,19,4069,10779,1165,0,15,1,129,17320,0,479,12,0,2,1,9,93,45,5793,6473,868,9,46,1,0,347,0,370,0,281761,450,0,4713,0,706,9835,0,52,1,0,0,0,2,446,0,1,0,0,0,106,0,0,0,150,0,0,730,0,2383,26,39624,951,0,311,67,0,19058,0,1,14,8711,0,335,54,358,3,0,0,0,4,2,7,302,0,1,0,17,0,20,31,11,0,0,0,8,0,17,1,15,0,0,0,71,14890,11,5525,1872,14,498,0,0,11,3,21,0,37,1,0,76,0,0,0,2603,0,4,153,61034,2022,0,0,19,0,37,0,0,1,0,213,1,32,34,7170,17,34,63325,52,2,0,0,0,0,0,0,90,7,37220,0,0,67843,0,0,26,0,40,0,0,1055,873,1,0,710795
157,SEN,0,0,1,0,7,21,0,224,143,0,0,506,370,999,4,5,1,3,1,0,0,3,82,0,0,0,0,431,2275,521,3,37,27,10861,12,0,1832,24,1,569,10,0,5,18,1451,0,95,38,0,2,0,1,881,7847,0,0,29,0,37539,0,7367,187,0,116,7762,183,8696,3134,41,29,0,0,160,0,1,11,3,2,7,26,0,0,70,0,91,7,249,21680,3,5,81,0,0,0,6,5,3,0,0,6608,21,1,0,0,0,15,1,0,0,0,20,0,257,0,2427,3,0,0,0,0,12429,93,6,0,0,24,0,46,1624,9496,19,605,68,0,21,0,0,8,2,6,0,15,73,1,1519,2,0,67,1,101,2,44,9,0,0,0,0,2,2436,0,0,8,0,22,21,13,4,143,0,0,2,1515,12,0,0,0,0,2,0,43,0,4,0,2,12302,0,0,27,0,1,0,0,0,531,91,0,169619
158,SGP,0,0,0,0,0,1,0,10009,46,0,0,0,0,0,0,1,0,0,0,0,0,1,0,0,256,5,0,0,3174,155,0,29,33,0,0,0,0,3,0,0,0,0,6,4,223,0,128,7,19,2,0,0,0,0,0,0,16,0,229,0,0,8108,0,0,0,0,0,0,0,7,0,0,0,0,0,4122,0,0,0,12,0,0,137,0,0,5,0,90,0,0,413,0,0,0,240,0,0,0,0,0,105,0,0,0,0,1,1,0,0,0,0,0,32,0,0,4,0,0,0,0,0,0,4,0,12255,0,0,0,0,0,0,476,117,0,1040,0,0,12,0,68,0,2,0,0,704,0,0,0,0,0,0,7,0,0,0,0,0,0,0,0,0,0,0,0,0,4,1,118,0,0,0,0,619,0,0,0,0,0,0,27,0,0,0,0,10032,0,0,4,0,174,0,0,0,148,0,0,53436
159,SLB,0,0,0,0,1,0,0,569,4,0,0,0,0,0,1,0,0,0,0,0,0,0,0,0,0,0,0,0,18,0,0,1,2,0,0,0,0,4,0,0,0,1,0,0,0,0,1,0,0,0,0,0,0,2,0,0,0,0,1,0,0,19,0,0,0,0,0,0,0,2,0,0,0,0,0,6,0,0,0,0,0,0,5,0,0,0,0,3,0,0,4,0,0,0,4,1,0,0,0,0,0,0,0,0,0,0,0,0,0,0,0,0,24,0,0,0,0,0,0,0,0,0,0,0,7,0,0,0,0,0,0,13,1,0,253,0,0,0,0,2,78,0,4,0,0,0,0,0,0,0,0,10,0,0,0,0,1,0,0,0,0,0,0,0,0,1,1,1,0,0,0,0,22,0,0,0,0,0,0,0,0,0,0,0,84,0,0,0,0,0,0,9,0,1,0,0,1161
160,SLE,0,0,0,0,3,0,1,199,2,0,0,0,0,0,0,0,0,0,0,0,0,0,117,0,0,0,0,0,415,6,0,1,0,0,0,0,0,7,0,0,0,0,1,0,101,0,40,8,0,1,0,0,0,67,0,0,1,0,71,0,6,40,0,7,71221,1,0,19,0,0,0,0,0,0,0,0,0,0,0,2,0,0,13,0,1,0,1,45,0,0,0,0,0,0,0,0,0,0,0,131303,3,0,0,0,0,0,0,0,0,0,0,0,7,0,0,0,0,0,0,0,0,0,0,0,0,0,0,0,0,0,0,8,4,0,2,0,0,3,0,1,0,0,0,0,2,5,0,0,0,0,1,0,0,0,0,0,0,0,0,0,0,0,0,0,0,0,0,35,1,0,0,14,0,0,0,0,0,0,0,0,0,0,0,0,2664,0,0,46,0,0,0,0,0,1,0,0,206497
161,SLV,5,0,0,0,0,59,0,2851,16,0,0,3,0,0,98,2,0,6,0,0,1888,47,202,3,0,0,0,0,12560,104,2,98,20,0,0,0,0,182,0,0,598,3,4,4,84,0,27,271,7,43,0,0,0,1491,0,0,9,0,250,0,0,43,0,0,0,5,0,0,1,7,1,12,3,0,3,30,261,1,24,9,0,0,27,8,0,2,9,2235,95,0,52,0,0,0,1,3,0,0,0,11,55,2,0,0,0,1,0,0,0,0,0,0,3951,0,0,1,0,0,0,0,0,3,0,0,0,0,0,1,0,0,1,96,45,0,37,0,0,658,11,60,0,1,615,1,29,21,0,2,0,2,1,10,4,0,0,0,3,0,1,0,0,1,0,0,2,2,1,638,0,0,0,1,12,0,0,0,0,11,0,3,0,2,0,0,371550,0,1,349,0,2,0,0,0,11,0,0,401978
162,SOM,0,0,0,0,711,15,0,1183,152,0,0,61,0,0,0,5,60,0,0,0,0,1,0,0,0,0,0,0,2833,291,0,0,0,0,0,0,0,3,0,0,0,3,7,10,1669,3111,236,0,12,0,0,0,0,72,0,112708,139,0,658,0,0,1482,0,4,0,0,0,0,0,87,0,0,0,0,0,0,0,0,0,22,0,0,48,0,0,8,8891,0,0,10,0,0,6096,0,0,0,304,0,0,0,87,1,0,0,0,1,0,0,0,0,0,0,4,0,0,6,0,0,0,0,0,0,0,0,0,0,0,0,0,0,4,1443,560,0,197,0,0,1,1,0,0,8,0,0,3,0,0,0,103,0,0,33,0,615,0,0,0,0,0,0,0,0,0,0,0,3,2,2212,8,0,0,0,0,0,0,0,0,0,0,8,0,91,0,0,20281,0,0,7,0,0,0,0,0,296,0,0,166867
163,SRB,0,0,0,8598,0,0,0,13779,20875,0,0,2936,0,0,0,326,0,0,24328,0,0,0,0,0,0,0,0,0,4764,37069,0,0,0,0,0,0,0,0,0,0,3,0,447,1090,74190,0,792,73,0,0,0,0,0,0,0,0,0,0,5962,0,0,0,0,0,0,0,0,0,0,973,0,0,0,0,0,0,0,32741,0,0,0,0,0,0,0,244,0,22531,0,0,0,0,0,0,0,0,0,0,0,0,0,0,0,0,0,759,0,0,0,0,0,0,9,1071,0,127,0,0,0,0,0,0,0,0,0,0,0,0,0,0,0,18531,5275,0,246,0,0,11,0,0,0,27,8,0,65,0,0,0,0,0,709,0,0,0,0,0,0,0,0,0,0,0,0,0,0,593,9565,2050,0,0,0,0,0,0,0,0,0,0,0,3537,0,0,0,0,62577,0,0,166,0,0,0,0,0,92,0,0,357139
164,SSD,0,0,0,0,0,0,0,0,0,0,0,0,0,0,0,0,0,0,0,0,0,0,0,0,0,0,0,0,0,0,0,0,0,0,0,0,0,0,0,0,0,0,0,0,0,0,0,0,0,0,0,0,0,0,0,0,0,0,0,0,0,0,0,0,0,0,0,0,0,0,0,0,0,0,0,0,0,0,0,0,0,0,0,0,0,0,0,0,0,0,0,0,0,0,0,0,0,0,0,0,0,0,0,0,0,0,0,0,0,0,0,0,0,0,0,0,0,0,0,0,0,0,0,0,0,0,0,0,0,0,0,0,0,0,0,0,0,0,0,0,0,0,0,0,0,0,0,0,0,0,0,0,0,0,0,0,0,0,0,0,0,0,0,0,0,0,0,0,0,0,0,0,0,0,0,0,0,0,0,0,0,0,0,0,0,0,0,0,0,0,0,0,0,0,0,0,0
165,STP,0,0,0,0,0,0,0,2,0,0,0,0,0,0,0,0,0,0,0,0,0,0,0,0,0,0,0,0,2,3,0,1,0,0,0,0,0,1,0,921,0,0,0,0,0,0,0,1,0,0,0,0,0,0,0,0,0,0,8,0,354,0,0,0,0,0,0,0,480,0,0,0,0,0,0,0,0,0,0,0,0,0,0,0,0,0,0,15,0,0,0,0,0,0,0,0,0,0,0,0,0,0,0,0,0,0,0,0,0,0,0,0,1,0,0,0,0,0,0,0,0,0,0,0,0,0,0,0,0,0,0,26,0,0,1,0,0,0,0,0,0,0,0,0,3583,0,0,0,0,0,0,20,411,0,0,0,0,0,0,0,0,0,104,0,0,1,0,1,0,0,0,8,0,0,0,0,0,0,0,0,0,29,0,0,29,0,0,0,0,0,0,0,0,0,0,0,6002
166,SUR,357,0,0,0,0,1,0,11,1,0,0,0,0,0,0,0,0,0,0,0,0,0,89,0,0,0,0,0,188,3,0,0,0,0,0,0,0,1,0,0,4,0,1,0,0,0,4,34,0,0,0,0,0,0,0,0,2,0,3,0,0,0,0,0,0,8,0,0,0,0,0,0,289,0,1084,0,0,0,0,0,0,0,7,0,0,0,0,3,0,0,0,0,0,0,0,0,0,0,0,0,0,9,0,0,0,0,0,0,0,0,0,0,1,0,0,1,0,0,0,0,0,2,0,0,0,0,0,0,0,0,0,5869,5,0,4,0,0,0,0,48,0,0,0,0,3,1,0,0,0,0,0,0,0,0,0,0,0,0,0,0,0,0,0,0,0,0,0,2,0,0,0,0,0,0,0,0,0,0,0,0,0,0,0,0,2204,0,0,0,0,0,0,0,0,0,0,0,10239
167,SVK,0,0,0,0,0,0,0,475,0,0,0,69,0,0,0,10,0,0,4112,0,0,0,0,0,0,0,0,0,0,0,0,6,0,0,0,0,0,0,0,0,0,0,9,33864,0,0,0,1,0,0,0,0,0,101,0,0,4,0,0,0,0,390,0,0,0,0,0,0,0,0,0,0,0,0,0,0,0,0,0,6927,0,0,1548,0,0,1,0,843,0,0,0,0,0,0,0,0,0,0,0,0,0,0,0,0,0,0,0,0,0,0,0,0,0,0,0,8,0,0,0,0,0,0,0,0,0,0,0,0,0,0,0,1,45,0,13,0,0,1,0,0,0,0,0,0,5,0,0,0,0,0,0,0,4,0,0,0,0,0,0,0,0,78,0,0,0,0,52,0,0,0,0,0,0,0,0,0,0,0,0,0,0,0,0,0,544,0,0,0,0,0,0,0,0,31,0,0,49142
168,SVN,0,0,0,0,0,0,0,0,0,0,0,0,0,0,0,0,0,0,8201,0,0,0,1,0,0,0,0,0,0,0,0,0,0,0,0,0,0,1,0,0,0,0,0,1,0,0,0,0,0,0,0,0,0,3,0,0,0,0,0,0,0,0,0,0,0,0,0,0,0,0,0,0,0,0,0,1,0,1,0,2,0,0,1,0,0,0,0,35,0,0,0,0,0,0,0,0,0,0,0,1,0,0,0,0,0,0,0,0,0,0,0,0,33,0,0,0,0,0,0,0,0,0,0,0,0,0,0,0,0,0,0,0,26,0,0,0,0,0,0,1,0,0,10,0,0,0,0,0,0,0,0,0,11,0,0,0,0,0,0,0,0,1124,0,0,0,1,0,0,0,0,0,0,1,0,0,0,0,0,0,0,0,0,0,0,0,0,0,0,0,0,0,0,0,1,0,0,9456
169,SWE,1,0,0,1,0,0,0,1082,343,0,0,1527,0,0,0,19,0,14,14118,76,0,0,247,0,0,6,16,0,1345,545,0,410,0,0,0,0,0,31,0,0,31,0,142,65,1987,0,4059,138,0,0,0,1,0,4527,57,0,1289,0,674,0,0,3935,0,0,20,0,0,0,4,298,0,0,0,0,0,20,6,121,0,645,0,0,651,6717,31,497,7,97,0,0,247,0,39,0,655,5,0,0,0,1507,0,0,0,0,0,313,55,0,0,0,0,0,221,0,0,29,0,0,0,0,0,0,0,4,1,0,0,0,1,0,0,771,10883,2,314,0,0,23,1,22,0,0,4,0,283,8,0,0,0,0,0,0,687,0,0,0,15,0,0,0,0,2799,92,0,0,55,115,0,0,0,0,56,3243,0,0,0,0,0,0,167,2,39,0,0,5537,0,0,19,0,2,0,0,0,41,0,0,74057
170,SWZ,0,0,0,0,0,0,0,925,3,0,0,0,0,0,0,2,0,3,0,0,0,1,11,0,0,0,691,0,436,3,0,7,0,0,0,0,0,1,0,0,1,0,55,2,0,0,15,6,0,0,0,5,0,38,0,0,2,0,4,0,0,2113,0,0,0,0,0,0,0,0,0,0,0,0,0,2,1,0,0,10,0,0,193,0,0,0,19,27,1,0,0,0,1,0,0,13,0,0,0,8,0,0,0,0,0,0,0,0,0,0,0,0,56,0,0,1,0,0,0,5409,0,0,7,562,0,0,0,0,0,0,0,70,4,0,807,0,0,1,1,26,0,0,16,0,462,2,0,0,0,0,0,0,68,0,0,0,0,0,0,0,0,1,0,0,0,1,1,3,0,0,0,0,1,0,0,0,0,1,0,0,0,1,0,0,1631,0,0,1,0,0,0,0,0,2149,0,0,15881
171,SYR,0,0,0,0,4252,0,1494,2909,915,0,0,240,0,0,490,305,312,0,7,0,0,3,1060,0,0,0,0,0,7447,518,0,119,0,0,0,0,0,4,0,0,4,6,936,141,10227,0,805,54,884,7,8,0,0,2006,0,0,111,0,4763,0,5,106,0,18,5,70,0,0,0,2491,0,10,0,0,0,0,4,0,0,523,0,0,97,0,4665,8,3926,2021,0,0,0,0,0,0,0,0,1763,0,11840,0,5994,10,0,0,1,0,5,0,283,0,0,0,141,0,0,72,0,0,0,0,23,52,0,0,1,0,0,0,0,0,1,2098,395,0,140,0,0,103,0,9,0,169,19,0,20,20,2799,0,437,0,3881,243,0,0,0,0,0,0,0,0,0,42,0,0,0,78,19,5637,0,0,0,0,0,0,0,0,0,0,9,1712,0,0,0,0,32251,0,0,6163,0,43,0,0,0,15,0,0,130464
172,TCD,0,0,0,0,0,0,0,0,0,0,0,0,182,0,0,0,0,0,0,0,0,0,0,0,0,0,0,0,3,0,0,0,0,0,0,0,0,0,0,0,0,0,0,0,2,0,0,0,0,0,0,0,0,0,0,0,0,0,0,0,0,0,0,3,0,0,0,0,0,0,0,0,0,0,0,0,0,0,0,0,0,0,1,0,0,0,0,1,0,0,0,0,5,0,0,0,0,0,0,9,0,0,0,0,0,0,0,0,0,0,0,0,0,0,0,0,0,0,0,0,0,0,0,0,0,0,0,0,0,21,0,0,0,0,0,0,0,0,0,0,0,0,0,0,0,0,0,0,0,0,0,0,0,0,0,0,0,0,0,0,0,0,1340,0,0,0,0,0,0,0,0,59,0,0,0,0,0,0,0,0,0,322,0,0,9,0,0,0,0,0,0,0,0,0,0,0,1957
173,TGO,0,0,0,0,0,0,0,0,0,0,0,0,0,0,0,0,0,0,0,0,0,0,0,0,0,0,0,0,0,0,0,0,0,0,0,0,0,0,0,0,0,0,0,0,0,0,0,0,0,0,0,0,0,0,0,0,0,0,0,0,0,0,0,0,0,0,0,0,0,0,0,0,0,0,0,0,0,0,0,0,0,0,0,0,0,0,0,0,0,0,0,0,0,0,0,0,0,0,0,63,0,0,0,0,0,0,0,0,0,0,0,0,0,0,0,0,0,0,0,0,0,0,0,0,0,0,0,0,0,0,0,0,0,0,0,0,0,0,0,0,0,0,0,0,0,0,0,0,0,0,0,0,3185,0,0,0,0,0,0,0,0,0,0,0,0,0,0,0,0,0,0,0,0,0,0,0,0,0,0,0,0,0,0,0,0,0,0,0,0,0,0,0,0,0,0,0,3248
174,THA,0,0,0,0,0,0,0,23,0,0,0,0,0,0,0,0,0,0,0,0,0,0,0,0,0,0,0,0,27,0,0,0,1,0,0,0,0,0,0,0,0,0,0,5,0,0,3,0,0,0,0,0,0,0,0,0,1,0,0,0,0,5,0,0,0,0,0,0,0,0,0,0,0,0,0,3,0,0,0,2,0,0,1,0,0,0,0,1,0,0,5,0,0,0,318,12,0,2,0,0,0,0,0,0,0,0,0,0,0,0,0,0,0,0,0,0,0,0,0,0,0,0,0,0,110,0,0,0,0,0,0,0,3,0,0,0,0,0,0,0,0,0,0,0,0,0,0,0,0,0,0,0,0,0,0,0,0,0,0,0,0,0,0,0,0,1,0,0,0,0,0,0,0,0,0,0,0,0,0,0,0,0,0,0,754,0,0,0,0,0,0,0,0,0,0,0,1277
175,TJK,0,4179,0,15,19,59,13,1216,573,929,0,159,0,0,15,322,1,2,15,4183,0,9,3,0,0,3,0,0,210,138,6,35,152,0,0,0,0,32,0,5,21,0,371,410,60271,0,175,23,49,5,33,0,0,598,1,0,2888,0,417,0,0,778,0,2,0,0,0,0,0,351,0,0,0,0,0,19,2,1,0,37,0,1,284,998,30,49,3801,650,2,1,381,6968,0,7743,10,287,5,0,1,3,279,0,0,0,0,4,823,0,0,0,3,0,222,10,0,23,3,0,0,0,0,0,1,1,9,0,0,0,0,0,0,1077,245,9,295,0,38,18,1,39,0,314,31,5,201,1,0,0,1,0,67,195448,1,0,0,0,5,0,5,0,0,88,0,0,0,118,47,197,0,0,0,0,17,0,467,0,0,1,0,369,0,37,16382,0,15267,3610,0,26,0,2,0,0,0,33,0,0,335799
176,TKM,0,0,0,3,0,65,114,388,162,1,0,39,0,0,4,79,0,1,6,579,0,3,14,0,0,0,1,0,318,61,0,14,20,0,0,0,0,9,0,1,6,0,94,144,11210,0,49,16,0,2,0,0,0,320,2,0,505,0,115,0,0,316,0,0,0,0,0,0,0,160,0,0,0,0,0,22,0,7,3,106,0,0,198,107,5,11,1094,220,0,2,55,173,0,327,4,30,0,0,3,5,17,0,0,0,0,1,472,1,0,0,1,0,31,1,0,6,1,0,0,0,0,0,2,0,1,0,0,0,0,0,0,208,56,1,72,0,0,5,0,7,0,170,1,1,110,3,0,0,0,0,14,26874,3,0,0,0,2,0,1,0,0,31,0,0,0,56,14,76,0,0,0,2,12,0,0,0,0,0,0,301,1,7,598,0,5750,0,0,10,0,1,0,0,0,89,0,0,52203
177,TLS,1,1,0,0,106,4,0,8886,6,0,0,21,0,0,4286,0,6,0,1,0,0,1,14,0,36,0,1,0,377,14,8,8,174,0,0,0,0,3,0,18,1,0,5,3,61,0,11,3,3,0,0,0,0,73,0,0,3,0,19,0,0,259,0,0,0,0,0,0,0,3,0,0,0,3,0,875,1,2,0,7,136738,28,39,0,0,1,3,94,1,25,312,0,0,0,76,115,34,0,17,1,18,0,0,0,0,31,0,23,0,0,0,0,60,0,0,4,14,0,0,0,0,0,14,0,1708,0,0,4,0,3,0,229,8,6,120,0,51,4,0,1999,37,0,12,6,2391,0,0,0,9,0,1,59,1,0,0,0,262,0,0,0,0,1,0,0,1,1,1,10,0,0,0,0,221,0,0,0,0,0,0,5,0,1,0,0,1853,0,0,17,0,246,0,1,0,21,0,0,162241
178,TON,0,0,0,0,0,0,0,888,0,0,0,0,0,0,0,0,0,0,0,0,0,0,0,0,0,0,0,0,5,1,0,160,0,0,0,0,0,0,0,0,0,0,0,2,0,0,2,4,0,0,0,0,0,0,0,0,1,0,0,0,0,0,0,0,0,0,0,0,0,0,0,0,0,0,0,0,0,0,0,0,0,0,1,0,0,1,0,4,0,0,0,0,0,0,0,0,0,0,0,0,0,0,0,0,0,0,0,0,0,0,0,0,0,0,0,0,0,0,0,0,0,0,0,0,0,0,0,0,0,0,0,0,2,0,2412,0,0,1,0,0,0,0,0,0,3,0,0,0,0,0,0,0,0,0,0,0,0,0,0,0,0,0,0,0,0,0,0,2,0,0,0,0,0,0,0,0,0,0,0,0,0,0,0,0,5466,0,0,0,0,0,0,21,0,0,0,0,8976
179,TTO,0,0,0,0,0,0,0,1,0,0,0,0,0,0,0,0,0,0,0,0,0,1,0,46,0,0,0,0,209,0,0,2,0,0,0,0,0,0,0,0,0,0,1,0,0,0,1,7,0,0,0,0,0,0,0,0,1,0,0,0,0,69,0,0,0,0,0,0,0,0,9,0,0,0,121,0,0,0,0,3,0,0,22,0,0,1,0,9,271,0,0,0,0,0,0,0,0,0,0,0,0,69,0,0,0,0,0,0,0,0,0,0,7,0,0,0,0,0,0,0,0,0,0,0,0,0,0,0,0,0,0,2,0,0,11,0,0,0,0,0,0,0,25,0,2,0,0,0,0,0,0,0,0,0,0,0,0,0,0,0,0,0,0,0,0,1,0,0,0,0,0,0,0,0,0,0,0,0,0,0,0,0,0,0,21745,0,152,0,0,0,0,0,0,0,0,0,22788
180,TUN,0,0,0,0,36,15,0,90,502,0,0,4,0,0,173,13,0,0,0,0,0,1,3,0,0,0,0,0,2064,822,0,1,0,0,0,0,0,4,0,0,1,0,6,38,22,0,241,6,23,0,0,0,0,590,0,0,73,0,35113,0,18,1028,0,0,0,5,0,0,1,2,0,0,4,0,0,1,0,1,0,75,0,0,66,0,92,5,2066,8706,0,0,1,0,0,0,0,0,0,0,0,0,167,0,0,0,0,19,0,0,0,0,2,0,4,0,0,75,0,0,0,0,0,3,0,0,0,1,0,91,1,0,0,714,153,0,14,0,0,2,0,106,0,9,0,0,42,0,0,3,0,5,2,0,0,0,0,0,0,5,0,0,0,1,0,0,0,10,5,525,0,0,0,2,1,0,0,0,0,0,0,47,0,0,0,0,2546,0,0,5,0,0,0,0,0,5,0,0,56477
181,TUR,1,0,0,68,206,1,200,5063,19795,133,0,16,0,0,19,683,0,6,1300,1,0,5,37,1,0,0,1,0,4523,7062,0,81,10,0,0,0,0,21,0,0,15,0,1455,100,63890,0,8555,47,4,1,0,0,0,665,1,0,772,0,25450,0,0,10145,0,0,2,0,0,0,6,5160,0,0,0,0,2,48,12,807,4,882,0,0,326,3774,3247,18,3322,1822,12,2,28,4396,1,175,16,1,0,0,3,46,22,1,0,0,0,230,11,1,0,96,0,0,1070,17042,0,34,0,0,0,0,0,0,1,1,0,0,0,0,0,0,0,25060,2086,1,133,0,0,23,0,355,0,21,301,0,62,3,0,0,0,0,1036,0,52,0,0,0,8,0,2,0,0,3315,16,0,0,126,151,5648,0,0,0,3,86,0,75,0,0,9,0,0,0,13,0,0,26069,552,1,30,0,7,0,0,0,156,0,0,258354
182,TZA,0,0,4,0,0,2,0,848,43,0,14,0,0,0,4,4,0,0,0,0,0,2,95,0,0,0,758,0,6317,227,0,5,0,0,0,0,0,6,54,5,3,0,41,7,271,0,426,5,0,0,0,220,0,2,0,0,73,0,252,0,0,20782,0,2,0,0,0,0,0,51,0,0,0,0,0,3,1,0,0,24,0,0,128,0,0,6,1,504,1,0,0,0,12275,0,0,0,0,0,0,3,0,0,0,0,0,0,0,0,0,0,0,0,68,0,0,2,0,0,0,4583,0,0,0,15412,0,0,61,0,0,0,0,554,294,0,171,0,0,2,1,5,0,12,18,0,4602,0,0,0,0,0,0,27,267963,0,0,0,0,0,4,0,0,1,0,0,0,1,0,320,1,0,0,0,2,0,0,0,0,1,0,55,0,16432,0,0,7697,0,0,5,0,0,0,0,0,11691,0,76,373530
183,UGA,0,0,0,0,0,0,0,4,1,0,0,1,0,0,10,0,0,0,0,0,0,0,1,0,0,0,6,0,52,0,0,1,0,1,1,0,1,0,0,0,0,0,0,0,3,0,11,0,0,0,0,65,0,17,0,0,0,0,6,0,2,36,0,0,0,0,0,0,0,0,0,0,0,0,0,0,0,0,0,1,0,0,5,0,0,0,1,25,0,0,0,0,4257,0,0,0,0,0,0,1,0,0,0,0,0,0,0,0,0,0,0,0,0,0,0,0,0,0,0,5,0,0,0,209,0,0,1,0,1,0,0,4,0,0,2,0,0,0,0,0,0,0,0,0,8,0,0,0,0,0,0,0,359334,0,0,0,0,0,0,0,0,0,0,0,0,0,0,0,4,0,0,53,0,0,0,0,0,0,0,0,5038,0,0,0,73,0,0,0,0,1,0,0,0,41,14,2,369299
184,UKR,0,0,0,32,0,2130,0,3098,2105,0,0,513,0,0,2,1383,0,2,97,14572,0,15,0,0,0,0,0,0,4810,393,0,80,62,0,0,0,0,58,0,16,36,0,875,7501,160384,0,474,53,22,9,0,0,0,1683,0,0,6601,0,1272,0,0,2931,0,2,0,0,0,0,0,6694,0,0,0,0,0,2,1,0,0,10085,0,0,1422,0,14,64,13296,6682,0,61,185,0,0,621,4,100,0,0,56,0,113,0,0,0,0,16,12084,0,0,0,1,0,134,10,0,65,0,0,0,0,0,0,0,0,0,0,0,0,0,0,0,1625,583,0,360,0,0,54,0,3,0,12657,6,2,3547,29,0,0,0,0,198,402958,0,0,0,0,0,0,5,0,0,611,0,0,0,3890,281,545,0,0,0,0,0,0,0,0,0,0,0,690,0,22,0,0,91286,0,0,52,0,0,0,0,0,449,0,0,782774
185,URY,1,0,0,0,0,192,0,449,25,0,0,10,0,0,27,11,0,1,0,0,0,65,4527,0,0,0,0,0,860,50,3,696,1,0,0,0,0,115,0,1,61,0,2,11,225,0,45,622,0,0,0,0,0,11516,0,0,8,0,51,0,0,59,0,0,0,0,0,0,22,2,0,0,0,0,1,7,15,1,146,17,0,0,132,0,0,7,638,844,4,0,4,0,0,0,0,0,0,0,0,23,0,0,0,0,0,16,1,0,0,0,0,0,909,0,0,1,0,0,0,0,0,0,0,0,0,0,0,0,0,0,0,117,24,0,27,0,0,107,0,20,0,0,97,0,74,424,0,0,0,0,1,1,1,0,0,0,0,0,0,0,0,1,0,0,0,6,9,243,0,0,0,0,3,0,0,0,0,3,0,3,0,2,0,0,7417,0,0,276,0,0,0,0,0,21,0,0,31301
186,USA,25,0,0,21,0,1,0,257,6,0,0,36,0,0,186,11,0,1,9280,0,0,23,233,36,0,2,2,0,635,17,0,207,20,0,0,0,0,452,0,4,409,0,21,297,1792,0,142,579,0,0,0,0,0,723,5,0,22,0,3,0,0,698,0,1,0,0,0,0,54,0,0,0,0,0,48,197,379,131,150,5510,0,0,380,158,1,75,55,591,467,7,4,0,0,232,9050,28,0,0,14,8403,0,24,0,0,0,7,17,0,0,0,0,0,34941,0,0,4,0,0,0,0,0,0,0,0,171,0,0,0,1,0,0,20,141,0,224,0,0,286,0,322,0,0,10319,0,58,19,0,0,0,0,5,1,1095,0,0,0,2,0,20,0,0,1719,0,0,6,2007,128,106,0,0,0,82,37394,0,0,0,0,242,0,2,0,30,0,0,0,0,19,37,0,97,0,4,0,171,0,0,131802
187,UZB,0,0,0,12,5,340,237,2328,808,1535,0,172,0,0,47,392,0,4,27,2777,0,17,85,0,0,2,3,0,2126,309,1,71,111,0,0,0,0,44,0,5,34,0,372,668,47712,0,238,94,2,9,0,0,0,1609,9,0,2053,0,498,0,0,1471,0,2,0,1,0,0,0,1726,0,1,0,0,0,150,3,38,16,700,0,0,1000,107,13,53,7356,1498,0,10,292,21792,0,4463,23,2148,1,0,12,30,10,1,0,0,1,7,2750,7,0,0,3,0,188,2,0,27,7,0,0,0,0,0,11,0,11,0,0,0,0,0,0,4076,266,9,398,0,0,27,2,58,0,816,8,3,541,15,0,3,0,0,53,175015,15,0,0,0,10,0,5,0,0,138,0,0,0,376,65,394,0,0,0,9,90,1,588,0,0,0,0,2132,4,29,81495,0,38221,0,0,54,0,7,0,1,0,498,0,0,416109
188,VCT,0,0,0,0,0,0,0,6,0,0,0,0,0,0,0,0,0,0,0,0,0,0,0,664,0,0,0,0,1978,0,0,3,0,0,0,0,0,0,0,0,0,0,0,0,0,0,0,1,0,0,0,0,0,0,0,0,1,0,0,0,0,0,0,0,0,0,0,0,0,0,33,0,0,0,78,0,1,0,0,1,0,0,2,0,0,0,0,2,63,0,0,0,0,0,0,0,0,0,0,0,0,75,0,0,0,0,0,0,0,0,0,0,0,0,0,0,0,0,0,0,0,0,0,0,0,0,0,0,0,0,0,6,0,0,4,0,0,0,4,0,0,0,0,0,0,0,0,0,0,0,0,0,0,0,0,0,0,0,0,0,0,0,0,0,0,0,0,0,0,0,0,0,0,0,0,0,0,249,0,0,0,0,0,0,5119,0,0,11,0,0,0,0,0,0,0,0,8301
189,VEN,703,0,0,0,0,104,0,118,2,0,0,0,0,0,7,11,0,5,8,0,0,36,446,1,0,0,0,0,1507,0,0,670,0,0,0,0,0,3179,0,1,120,0,7,6,10,0,64,2576,0,0,0,0,0,15927,0,0,3,0,0,0,0,92,0,0,0,0,0,0,20,55,127,0,0,0,338,6,8,1,725,15,0,0,105,34,0,5,0,18,13,0,1,0,0,0,3,0,0,0,0,17,0,9,0,0,0,2,1,0,0,0,0,0,1247,0,0,1,0,0,0,0,0,0,0,0,0,0,0,0,0,0,0,13,32,0,18,0,0,319,0,5,0,0,746,0,650,9,0,0,0,0,2,0,11,0,0,0,2,0,0,0,0,3,1,0,0,1,16,14,0,0,0,0,14,0,0,0,0,191,0,0,0,1,0,0,37433,0,2,0,5,0,0,0,0,0,0,0,67842
190,VIR,1,0,0,0,0,0,0,1,0,0,0,0,0,0,0,0,0,1,0,0,0,0,3,8,0,0,0,0,62,0,0,5,0,0,0,0,0,9,0,19,7,0,0,0,0,0,0,303,0,0,0,0,0,2,0,0,0,0,0,0,0,13,0,0,0,0,0,0,0,2,476,0,0,0,4,1,4,0,6,0,0,0,1,0,0,0,0,1,28,0,0,0,0,0,0,0,0,0,0,2,0,9,0,0,0,0,0,0,0,0,0,0,271,0,0,0,0,0,0,0,0,0,0,0,0,0,0,0,0,0,0,1,0,0,3,0,0,12,0,2,0,0,2166,0,0,0,0,0,0,0,0,3,0,0,0,0,0,0,0,0,0,0,0,0,0,0,0,0,0,0,0,0,1,0,0,0,0,8,0,1,0,0,0,0,2494,0,3,1,0,0,0,0,0,1,0,0,5935
191,VNM,0,0,0,0,0,0,0,5876,0,0,0,28,0,0,0,0,0,0,0,29,0,1,0,0,0,0,0,0,7554,0,0,0,231,0,0,0,0,1,0,0,0,0,5,1332,0,0,789,9,0,0,0,0,0,103,0,0,164,0,0,0,0,1300,0,0,0,0,0,0,0,0,0,0,0,0,0,1408,0,0,0,620,0,0,175,0,0,54,0,286,0,0,1711,0,0,0,44795,4367,0,592,0,0,0,0,0,0,0,0,1,0,0,0,0,0,0,0,0,0,0,0,0,0,0,0,0,0,17131,0,0,0,0,0,0,0,885,0,59,0,0,2,0,1,0,0,23,0,4,0,0,0,0,0,1,0,0,0,0,0,0,0,0,0,0,0,0,0,0,182,1,0,0,0,0,0,4880,0,0,0,0,0,0,0,0,0,0,0,213914,0,0,1,0,0,0,0,0,0,0,0,308515
192,VUT,0,0,0,0,0,17,0,1296,6,0,0,1,0,0,6,0,0,0,0,0,0,2,3,0,1,0,0,0,90,25,4,5,7,0,0,0,0,186,0,0,0,0,3,2,1,0,7,1,0,0,0,0,0,14,0,0,1,0,115,0,0,119,0,0,0,3,0,0,0,2,0,0,2,0,0,17,0,1,0,1,0,0,18,0,0,0,4,4,0,0,17,0,0,0,2,3,0,0,0,0,0,0,0,0,0,0,0,0,0,0,1,0,4,0,0,3,0,0,0,0,0,2,0,0,3,1,0,3528,0,2,0,5,1,0,384,0,0,0,1,14,2,2,0,0,6,0,0,286,0,4,0,182,0,0,0,0,4,218,0,0,0,1,0,0,0,2,0,2,0,0,0,1,10,0,0,0,0,0,0,3,0,0,0,0,408,0,0,1,0,1,0,33,0,1,0,0,7102
193,WSM,0,0,0,0,0,0,0,4642,0,0,0,0,0,0,0,1,0,0,0,0,0,0,0,0,0,0,0,0,8,1,0,0,0,0,0,0,0,2,0,0,0,0,0,0,0,0,3,0,0,0,0,0,0,0,0,0,0,0,2,0,0,0,0,0,0,0,0,0,0,0,0,0,0,0,0,2,0,0,0,0,0,0,8,0,0,0,0,28,0,0,0,0,0,0,0,0,0,0,0,0,0,0,0,0,0,0,0,0,0,0,0,0,3,0,0,2,0,0,0,0,0,0,0,0,0,0,0,0,0,0,0,4,0,0,5141,0,0,1,0,0,0,0,0,0,1,0,0,0,0,0,0,0,0,0,0,0,0,0,0,0,0,0,0,0,0,1,0,3,0,0,0,0,0,0,0,0,46,0,0,0,0,0,0,0,5776,0,0,0,0,0,0,0,0,0,0,0,15675
194,YEM,0,0,0,0,24299,0,1,558,45,0,0,1,0,0,1,16,1970,0,0,0,0,1,2,0,0,0,0,18,1077,112,0,4,0,0,0,0,0,2,0,0,0,8,6,48,1377,442,246,4,1005,0,36,6,0,12,0,1435,55,0,462,0,0,569,0,0,0,0,0,0,0,27,0,0,0,0,0,0,0,0,0,105,0,0,42,0,1628,0,16717,501,0,70,1,0,435,0,14,3,10524,0,460,0,6192,0,0,0,0,0,1,0,354,0,0,0,2,0,0,5,0,0,0,0,2,0,0,1,14,0,0,0,0,0,3,417,150,0,110,0,2,1,1,0,0,41,0,0,3,0,376,0,3165,0,7,97,0,16,5826,0,0,0,0,0,409,1,1519,0,0,16,5,270,0,0,0,0,1,0,0,0,0,0,1,31,10,375,0,0,19933,0,0,12,0,0,0,0,0,46,0,0,103760
195,ZAF,0,0,0,1,0,13,0,15441,43,0,0,21,0,0,281,34,0,26,26,2,1,8,130,63,9,1,6088,0,3922,35,515,104,98,0,0,0,0,27,0,1,13,0,878,24,67,0,167,54,0,1,0,26,0,1213,0,0,28,4,37,0,1,13230,0,21,27,3,0,0,0,2069,0,0,0,0,12,390,2,2,1,100,0,17,1291,77,0,8,256,183,74,0,129,2,55,0,21,89,0,0,2,269,0,17,0,0,0,7,1,1,0,0,2,0,106,0,0,51,0,0,0,0,0,2,30,2134,92,1,14650,0,0,3,0,508,83,0,6782,0,0,15,14,1238,1,0,11,3,1117,25,0,1,0,0,3,9,3301,0,0,0,73,0,21,0,0,17,210,0,0,8,8,67,3508,0,0,3,94,0,0,0,0,48,0,22,23,159,0,7,18994,0,13,32,0,43,0,0,0,0,0,27,101318
196,ZMB,0,0,3,0,1,1,0,1701,27,0,0,1,0,0,55,4,0,1,2,0,0,1,64,1,0,0,3039,0,1159,70,10,10,4,0,0,0,0,2,0,3,1,0,60,6,56,0,152,6,0,0,0,75,0,39,0,0,19,0,86,0,0,10270,0,1,0,0,0,0,0,3,0,0,0,0,0,14,0,0,0,15,0,0,383,0,0,3,13,115,2,0,5,0,36,0,0,6,0,0,0,13,0,0,0,0,0,0,0,0,0,0,0,0,32,0,0,5,0,0,0,4509,0,0,2,41833,2,0,1995,0,0,5,0,305,77,0,731,0,0,3,1,67,0,4,9,0,2595,1,0,0,0,0,0,8,7363,0,0,0,0,0,77,0,0,17,0,0,0,1,2,70,0,0,0,6,2,0,0,0,0,1,0,16,15,56,0,0,4463,0,0,4,0,1,0,0,0,15264,0,4409,101489
197,ZWE,0,0,10,0,0,4,0,4875,79,0,0,0,0,0,47,9,0,0,0,0,0,5,203,0,0,0,7228,0,2153,243,0,16,0,0,0,0,0,6,0,11,0,0,85,7,0,0,151,5,0,0,0,122,0,4,0,0,12,0,231,0,0,23653,0,0,0,0,0,0,0,30,0,0,0,0,0,0,0,0,0,21,0,0,1062,0,0,6,2,133,0,0,0,0,26,0,0,1,0,0,0,0,0,1,0,2,0,0,1,0,0,0,0,0,2,0,0,10,0,0,0,21807,0,0,1,51248,0,0,946,0,0,0,0,77,90,0,1779,0,0,1,1,27,0,8,0,0,8725,0,0,0,0,0,1,59,2029,0,0,0,0,0,0,0,0,0,0,0,0,2,4,114,0,0,0,0,0,0,0,0,0,0,0,3,193,0,0,0,7493,0,0,12,0,0,0,0,0,70620,0,0,205696
198,TOTAL,7211,12688,10099,12312,522431,169383,39287,589741,132618,6720,27445,106903,29557,145821,106966,12185,42010,5459,281756,56002,8966,14373,78757,2659,14904,19498,25867,16198,1022704,166587,12112,60860,108834,341643,28519,1413,124076,18882,1524,4259,147119,111,53282,74608,1518613,29999,96774,61688,21063,2485,5501,3843,26642,799413,1786,396296,49973,790,614147,43,36590,843728,0,27166,84283,9310,8788,5112,19981,341625,802,1429,8222,7653,2896,552821,4356,51710,5949,103523,136738,680806,109352,743251,56968,4985,265908,553277,5255,109094,239673,43442,127450,19263,93039,65926,199447,797,137184,453092,128598,1352,2,6,341,25246,54614,28298,2579,422,2221,786,177870,27912,24216,5460,39318,0,0,98820,14732,4830,13959,120182,666582,8956,40752,7169,44691,105798,180,264260,74352,124225,120003,3150,367626,18960,1219,62974,2688,33986,66462,4189,253235,16861,104207,4204,57709,13023,15919,2248308,1815987,130443,70652,1391,307204,467,56323,0,66718,209138,399949,1141,4571,51663,33680,123090,3863,178,71250,130849,595723,2326,2064,0,270,2998,697,106877,167823,323295,235209,5211,8648547,15304,662,107044,830,19578,0,693,3365,300561,184793,5583,34165758
